-- MySQL dump 10.13  Distrib 8.0.30, for Linux (x86_64)
--
-- Host: localhost    Database: bibliothèqueInternationaleDuCongo
-- ------------------------------------------------------
-- Server version	8.0.30-0ubuntu0.20.04.2

/*!40101 SET @OLD_CHARACTER_SET_CLIENT=@@CHARACTER_SET_CLIENT */;
/*!40101 SET @OLD_CHARACTER_SET_RESULTS=@@CHARACTER_SET_RESULTS */;
/*!40101 SET @OLD_COLLATION_CONNECTION=@@COLLATION_CONNECTION */;
/*!50503 SET NAMES utf8mb4 */;
/*!40103 SET @OLD_TIME_ZONE=@@TIME_ZONE */;
/*!40103 SET TIME_ZONE='+00:00' */;
/*!40014 SET @OLD_UNIQUE_CHECKS=@@UNIQUE_CHECKS, UNIQUE_CHECKS=0 */;
/*!40014 SET @OLD_FOREIGN_KEY_CHECKS=@@FOREIGN_KEY_CHECKS, FOREIGN_KEY_CHECKS=0 */;
/*!40101 SET @OLD_SQL_MODE=@@SQL_MODE, SQL_MODE='NO_AUTO_VALUE_ON_ZERO' */;
/*!40111 SET @OLD_SQL_NOTES=@@SQL_NOTES, SQL_NOTES=0 */;

--
-- Table structure for table `author`
--

DROP TABLE IF EXISTS `author`;
/*!40101 SET @saved_cs_client     = @@character_set_client */;
/*!50503 SET character_set_client = utf8mb4 */;
CREATE TABLE `author` (
  `id` int NOT NULL AUTO_INCREMENT,
  `first_name` varchar(255) NOT NULL,
  `last_name` varchar(45) DEFAULT NULL,
  `biography` text,
  PRIMARY KEY (`id`)
) ENGINE=InnoDB AUTO_INCREMENT=1164 DEFAULT CHARSET=utf8mb4 COLLATE=utf8mb4_0900_ai_ci;
/*!40101 SET character_set_client = @saved_cs_client */;

--
-- Dumping data for table `author`
--

LOCK TABLES `author` WRITE;
/*!40000 ALTER TABLE `author` DISABLE KEYS */;
INSERT INTO `author` VALUES (1,'Bravi','Soledad',''),(2,'Brière','Haquet',''),(3,'Van','Zeveren',''),(4,'Crozon','Alain',''),(5,'Chedru','Delphine',''),(6,'Collectif','',''),(7,'Mbodj','Souleymane',''),(8,'Cassabois','Jacques',''),(9,'Uzunoglu','Adelheid',''),(10,'Grousset','Alain',''),(11,'Mounié','Didier',''),(12,'Fromental','Jean-Luc',''),(13,'Sellier','Marie',''),(14,'Orizet','Jean',''),(15,'Renault','Jean',''),(16,'Rachmuhl','Françoise',''),(17,'Giraud','Robert',''),(18,'Beamri','R',''),(19,'Coppin','Brigitte',''),(20,'Muzi','Jean',''),(21,'Douzou','Olivier',''),(22,'Carter','David',''),(23,'Fox','Mem',''),(24,'Piquemal','Michel',''),(25,'Solet','Bertrand',''),(26,'Dedieu','Thierry',''),(27,'Barrier','Perceval',''),(28,'Letuffe','Anne',''),(29,'Boyer','Cécile',''),(30,'Bloch','Muriel',''),(31,'Jalbert','Philippe',''),(32,'Rettich','Maget',''),(33,'Pomme','d\'api',''),(34,'Buson','',''),(35,'Touquet','Marie',''),(36,'Grimm','Jacob',''),(37,'Kimura','Ken',''),(38,'Ponti','Claude',''),(39,'Haughton','Chris',''),(40,'Browne','Anthony',''),(41,'Gutman','claude',''),(42,'Chaty','Guy',''),(43,'Friot','Bernard',''),(44,'Bonbon','Cécile',''),(45,'Siméon','Jean',''),(46,'Schubiger','Jürg',''),(47,'Perrin','Clotilde',''),(48,'Favret','Hafida',''),(49,'Grosléziat','Chantal',''),(50,'Jean','Georges',''),(51,'Sara','',''),(52,'Jun','Takabataka',''),(53,'Le','Touzé',''),(54,'Khoury-Ghata','Vénus',''),(55,'Louchard','Antonin',''),(56,'James','Simon',''),(57,'Devernois','Elsa',''),(58,'Coat','Anik',''),(59,'Beigel','Christine',''),(60,'Galeron','Henri',''),(61,'Moniz','Madalena',''),(62,'Feiffer','Jules',''),(63,'Kogjan','Grégoire',''),(64,'Boutros','Al-maari',''),(65,'Laurent','Nathalie',''),(66,'Houdart','Emmanuelle',''),(67,'Adam','Olivier',''),(68,'Gravel','Elise',''),(69,'Ungerer','Tomi',''),(70,'Guyennon','Duchêne',''),(71,'Chaud','Benjamin',''),(72,'Corenblit','Rachel',''),(73,'Cali','Davide',''),(74,'Rodari','Gianni',''),(75,'Corentin','Philippe',''),(76,'Jean','Didier',''),(77,'Goffin','Josse',''),(78,'Duras','Marguerite',''),(79,'Serres','Alain',''),(80,'Vatinel','Pascal',''),(81,'Morgan','',''),(82,'Guilloppé','Antoine',''),(83,'Norac','Carl',''),(84,'Bruel','Christian',''),(85,'CRILJ','',''),(86,'Van','der',''),(87,'Fred','L',''),(88,'Carroll','Lewis',''),(89,'Willis','Jeanne',''),(90,'Crowther','Kitty',''),(91,'Gourounas','Jean',''),(92,'Bourre','Martine',''),(93,'Sadeler','Joël',''),(94,'Bernard','Cécile',''),(95,'Pacovska','Kveta',''),(96,'Rosensthiel','Agnès',''),(97,'Brami','Elisabeth',''),(98,'Roman','Ghislaine',''),(99,'Lacombe','Benjamin',''),(100,'Krings','Anton',''),(101,'Raschka','Chris',''),(102,'Seyvos','Florence',''),(103,'Rascal','',''),(104,'Moriceau','',''),(105,'Ben','Kemoun',''),(106,'Taïeb','el',''),(107,'Chraïbi','Driss',''),(108,'Bauer','Jutta',''),(109,'Ducos','Max',''),(110,'Boucher','Michel',''),(111,'Vaugelade','Anaïs',''),(112,'Miège-Simansky','Denise',''),(113,'Hédelin','Pascale',''),(114,'Lacet','Yvonne',''),(115,'Le','Hir',''),(116,'Paoloni','Sonia',''),(117,'Cathrine','Arnaud',''),(118,'Conrad','Paul',''),(119,'Escoffier','Michaël',''),(120,'Browne','Anthony',''),(121,'Solotareff','Grégoire',''),(122,'Könnecke','Ole',''),(123,'Fondation','Zakoura',''),(124,'Charmeux','Evelyne',''),(125,'Boujon','Claude',''),(126,'Bouchard','André',''),(127,'Fastier','Yann',''),(128,'Carle','Eric',''),(129,'Montardre','Hélène',''),(130,'Hall','Kirsten',''),(131,'Jonas','Anne',''),(132,'Silverstein','Shel',''),(133,'Troïanowski','Johan',''),(134,'Queneau','Raymond',''),(135,'Mari','Iela',''),(136,'Vincensini','Paul',''),(137,'Girardet','Sylvie',''),(138,'Mau','Olivier',''),(139,'Harcourt','Claire',''),(140,'Coste','Nadia',''),(141,'Zenzius','Pierre',''),(142,'Lévy','Didier',''),(143,'Dutruc-Rosset','Florence',''),(144,'Ashbé','Jeanne',''),(145,'Chic','Suzy',''),(146,'Garralon','Claire',''),(147,'Mathis','Jean-Marc',''),(148,'Bruley','Marie-Claire',''),(149,'Roxbee','Cox',''),(150,'Salvi','Manuela',''),(151,'Lejonc','Régis',''),(152,'Chedid','Andrée',''),(153,'Meunier','Henri',''),(154,'Delye','Pierre',''),(155,'Albert','Adrien',''),(156,'Hugo','Victor',''),(157,'Rathman','Peggy',''),(158,'Poussier','Audrey',''),(159,'Ramos','Mario',''),(160,'Tanaka','Béatrice',''),(161,'Agopian','Annie',''),(162,'Varley','Susan',''),(163,'Eeckhout','Emmanuelle',''),(164,'Ramadier','',''),(165,'Lewis','Jean-Patrick',''),(166,'Cadot','Colin',''),(167,'Bourgeau','Vincent',''),(168,'Van','Hout',''),(169,'Doray','Malika',''),(170,'Van','der',''),(171,'Horowitz','Anthony',''),(172,'Pinson','Zaza',''),(173,'Sadat','Mandana',''),(174,'Mollet','Charlotte',''),(175,'Jadoul','Emile',''),(176,'Paris','Hugues',''),(177,'Pommaux','Yvan',''),(178,'Chérer','Sophie',''),(179,'Minhos','Martins',''),(180,'Godeau','Vincent',''),(181,'Cristina','Henriqueta',''),(182,'Cone','Bryant',''),(183,'Kerloch\'','Jean',''),(184,'Twain','Mark',''),(185,'Ocelot','Michel',''),(186,'Banks','Kate',''),(187,'Aceval','Nora',''),(188,'Thomas','Valérie',''),(189,'Surget','Alain',''),(190,'Le','Clézio',''),(191,'Mourlevat','Jean',''),(192,'Yeh','Chun-Liang',''),(193,'Clément','Claude',''),(194,'Pennart','Geoffroy',''),(195,'John','Jory',''),(196,'Dellamarre','Bellego',''),(197,'Promeyrat','Coline',''),(198,'Prévert','Jacques',''),(199,'Blake','Quentin',''),(200,'Lecointre','Jean',''),(201,'Baer','Julien',''),(202,'Van','Laan',''),(203,'Ellwand','David',''),(204,'Kang','Hye-sook',''),(205,'Dumont','Jean-François',''),(206,'Waddell','Martin',''),(207,'Leprince','de',''),(208,'Pef','',''),(209,'Lecaye','Alexis',''),(210,'David','Gauthier',''),(211,'David','François',''),(212,'Elzbieta','',''),(213,'Deacon','Alexis',''),(214,'Frier','Raphaële',''),(215,'Barroux','',''),(216,'Cantais','Claire',''),(217,'Nottet','Pascal',''),(218,'Chen','Chih-Yuan',''),(219,'Gouichoux','René',''),(220,'Valckx','Catharina',''),(221,'Ahlberg','Janet',''),(222,'Hoban','Tana',''),(223,'Perrault','Charles',''),(224,'Grimm','Jakob',''),(225,'Kasano','Yuchi',''),(226,'Marais','Frédéric',''),(227,'Le','Saux',''),(228,'Lear','Edward',''),(229,'Kuo','Fifi',''),(230,'Crausaz','Anne',''),(231,'Monari','Manuela',''),(232,'Fort','Paul',''),(233,'Morgenstern','Susie',''),(234,'Géhin','Elisa',''),(235,'Berner','Rotraut',''),(236,'Dwell','Studio',''),(237,'Ginsburg','Mirra',''),(238,'Hutchins','Pat',''),(239,'Hirsching','Nicolas',''),(240,'Emberley','Ed',''),(241,'Hill','Eric',''),(242,'Grenier','Christian',''),(243,'Lenain','Thierry',''),(244,'Scotto','Thomas',''),(245,'Weninger','Brigitte',''),(246,'Cissé','Mamadou',''),(247,'Valentin','Elsa',''),(248,'Hahn','Cyril',''),(249,'Matéo','\"Pepito,\"',''),(250,'Parot','Annelore',''),(251,'Celli','Rose',''),(252,'Servant','Stéphane',''),(253,'Soutif','François',''),(254,'Folika','',''),(255,'Jalibert','Maria',''),(256,'Victor','Sylvain',''),(257,'Courgeon','Rémi',''),(258,'Herbauts','Anne',''),(259,'Martin','Bill',''),(260,'Bataille','Marion',''),(261,'Zarcate','Catherine',''),(262,'Veille','Eric',''),(263,'Silei','Fabrizio',''),(264,'Herbreteau','Gaston',''),(265,'Diallo','Boubacar',''),(266,'Manceau','Edouard',''),(267,'Coat','Janik',''),(268,'Henry','Jean-Marie',''),(269,'Zemach','Margot',''),(270,'Blake','Stéphanie',''),(271,'Dreyfuss','Corinne',''),(272,'Cousins','Lucy',''),(273,'Goossens','Philippe',''),(274,'Latyk','Olivier',''),(275,'Denolle','Christel',''),(276,'Adams','Pam',''),(277,'Monloubou','Claire',''),(278,'Konaté','Moussa',''),(279,'Loyer','Anne',''),(280,'Grave','Marie-Eve',''),(281,'Cvach','Milos',''),(282,'Gay','Michel',''),(283,'Stehr','Frédéric',''),(284,'Yonezu','Yusuke',''),(285,'Kochka','',''),(286,'Voltz','Christian',''),(287,'Brunet','Bénédicte',''),(288,'Mélisou','Marie',''),(289,'Van','Genechten',''),(290,'Nakamura','Junko',''),(291,'Klassen','Jon',''),(292,'Ribeyron','Samuel',''),(293,'Willems','Mo',''),(294,'Andersen','Hans',''),(295,'Carlain','Noé',''),(296,'Grégoire','Caroline',''),(297,'Khaldi-Bonnaud','Ahmed',''),(298,'Turin','Joëlle',''),(299,'Bisinski','Pierrick',''),(300,'Lexau','Joan',''),(301,'Dorléans','Marie',''),(302,'Pittau','Francesco',''),(303,'Lestrade','Agnès',''),(304,'Giordano','Philip',''),(305,'Bizouerne','Gilles',''),(306,'Tallec','Olivier',''),(307,'Brisou','Pellen',''),(308,'Dexet','Hector',''),(309,'Smith','Lane',''),(310,'Zolotow','Charlotte',''),(311,'Le','Craver',''),(312,'Cumont','Louise-Marie',''),(313,'Césaire','Aimé',''),(314,'Sheldon','Dyan',''),(315,'Gudule','',''),(316,'Malte','Marcus',''),(317,'Nadja','',''),(318,'Fuentes','Roland',''),(319,'Cousseau','Alex',''),(320,'Rosen','Michael',''),(321,'Angeli','May',''),(322,'Kimiko','',''),(323,'Dr','Seuss',''),(324,'Pianina','Vincent',''),(325,'Poe','Edgar',''),(326,'Cortey','Anne',''),(327,'Simonsen','Michèle',''),(328,'Tsarfati','Einat',''),(329,'Longour','Michèle',''),(330,'Fersen','Thomas',''),(331,'Quatromme','France',''),(332,'Duval','Elisabeth',''),(333,'Chazerand','Emilie',''),(334,'Gravett','Emily',''),(335,'Gabriel','Pierre',''),(336,'Kiffer','Christine',''),(337,'Davies','Stephen',''),(338,'Grindley','Sally',''),(339,'Bertrand','Frédérique',''),(340,'Cadier','Morgane',''),(341,'Minfong','Ho',''),(342,'Painset','Marie-France',''),(343,'Alemagna','Béatrice',''),(344,'Tullet','Hervé',''),(345,'Griffon','A',''),(346,'Bricout','Bernadette',''),(347,'Devos','Lydia',''),(348,'Monfreid','Dorothée',''),(349,'Nicolas','Christophe',''),(350,'Guérif','Andy',''),(351,'Wlodarczyk','Isabelle',''),(352,'Dorin','Philippe',''),(353,'Chabas','Jean-François',''),(354,'Mélano','Olivier',''),(355,'Morin','Patrick',''),(356,'Daniau','Marc',''),(357,'Shulevitz','Uri',''),(358,'Vidal','Séverine',''),(359,'Kipling','Rudyard',''),(360,'Fehr','Daniel',''),(361,'Vivardi','Liuna',''),(362,'Cosneau','Olivia',''),(363,'Pereira','Marjolaine',''),(364,'Dé','Claire',''),(365,'Tardieu','Jean',''),(366,'Havard','Christian',''),(367,'Coran','Pierre',''),(368,'Dumas','Philippe',''),(369,'Yzac','Adeline',''),(370,'Lü','Yuan',''),(371,'Cevin','Evelyne',''),(372,'Ionesco','Eugène',''),(373,'Gaussel','Alain',''),(374,'Belhalfaoui','Hamou',''),(375,'Gougaud','Henri',''),(376,'Féron','Romano',''),(377,'Causse','Rolande',''),(378,'Gendrin','Catherine',''),(379,'Gripari','Pierre',''),(380,'Cadier','Florence',''),(381,'Musa','Hassan',''),(382,'Condominas','Baptiste',''),(383,'Laporte','Michel',''),(384,'Guillaume','Olive',''),(385,'Darwiche','Jihad',''),(386,'Delpeuch','Régis',''),(387,'\"Bryan,\"','\"Muzi,\"',''),(388,'Faraggi','Anne',''),(389,'Sternberg','Jacques',''),(390,'Mayo','Margaret',''),(391,'Descamps','Dominique',''),(392,'Mezquita','Roberto',''),(393,'Bertrand','Pierre',''),(394,'UG','Philippe',''),(395,'Allancé','Mireille',''),(396,'Brun','Cosme',''),(397,'Torres','Cimarusti',''),(398,'Kérillis','Hélène',''),(399,'Gil','Isabelle',''),(400,'Dahl','Roald',''),(401,'Schädlich','Hans',''),(402,'Barthélémy','Mimi',''),(403,'Craipeau','Jean-Loup',''),(404,'Marie','et',''),(405,'London','Jack',''),(406,'Roubaud','Jacques',''),(407,'Nickl','Peter',''),(408,'Sendak','Maurice',''),(409,'Bouteloup','Philippe',''),(410,'\"Kochka,\"','d\'après',''),(411,'Grimm','Jakob',''),(412,'Kunhardt','Dorothy',''),(413,'Boisrobert','et',''),(414,'Perreault','Mélanie',''),(415,'Grosz','Pierre',''),(416,'Massini','Anaïs',''),(417,'Tamarin','Annette',''),(418,'Marceau','Fani',''),(419,'Roumiguière','Cécile',''),(420,'Martin','Simon',''),(421,'Alline','Christophe',''),(422,'Eluard','Paul',''),(423,'Mbaye','Ndaak',''),(424,'Bauer','Marion',''),(425,'Tawa','Kouam',''),(426,'Holzwarth','Werner',''),(427,'Gunzig','Thomas',''),(428,'Teckentrup','Britta',''),(429,'Defourny','Michel',''),(430,'Baronian','Jean-Baptiste',''),(431,'Ramstein','Anne-Margot',''),(432,'Sanders','Alex',''),(433,'Costes','Olivier',''),(434,'Perrin','Julien',''),(435,'Gendre','Nathalie',''),(436,'Leblanc','Catherine',''),(437,'Claveloux','Nicole',''),(438,'Weiss','Anne',''),(439,'Poslaniec','Christian',''),(440,'Rateau','Dominique',''),(441,'Cathalo','Georges',''),(442,'Bachelet','Gilles',''),(443,'Detamlbel','Régine',''),(444,'Nadaud','Claire',''),(445,'Dubost','Louis',''),(446,'Simler','Isabelle',''),(447,'Vian','Boris',''),(448,'Carminati','Chiara',''),(449,'Bertier','Anne',''),(450,'Pochard','Mireille',''),(451,'Lacor','Agnès',''),(452,'Scelles','Millie',''),(453,'Wormell','Chris',''),(454,'Kowarsky','Didier',''),(455,'Leo','Patrice',''),(456,'Kerloc\'h','Jean-Pierre',''),(457,'Major','Lenia',''),(458,'Dubuc','Marianne',''),(459,'Laâbi','Jocelyne',''),(460,'Mac','Bratney',''),(461,'Muller','Gerda',''),(462,'Armellini','Chiara',''),(463,'Dang','Khoa',''),(464,'Sall','Mamadou',''),(465,'Green','Ilya',''),(466,'Roland','Claudine',''),(467,'Barton','Byron',''),(468,'Malineau','Jean',''),(469,'M','Serres',''),(470,'Gutleben','Muriel',''),(471,'Frasson-Cochet','Agathe',''),(472,'Tixier','Jean',''),(473,'Brown','Ruth',''),(474,'Erlbruch','Wolf',''),(475,'Cognet','Lilas',''),(476,'Brunelet','Madeleine',''),(477,'Lilienthal','Henri',''),(478,'Villard','Marc',''),(479,'Kitzing','Constanze',''),(480,'Leynaud','Johan',''),(481,'Vignal','Hélène',''),(482,'Yeoman','John',''),(483,'Soupault','Philippe',''),(484,'Ivanovitch','Lair',''),(485,'Delval','Marie',''),(486,'Joly','Fanny',''),(487,'Legrand','Marie',''),(488,'Jandl','Ernst',''),(489,'Steig','William',''),(490,'Mathis','',''),(491,'Guillbaud','Luce',''),(492,'Marsol','Manuel',''),(493,'Tenor','Arthur',''),(494,'Burningham','John',''),(495,'Knowles','Sheena',''),(496,'Proeng','Pich',''),(497,'Kebrety','Maryam',''),(498,'Rutten','Mélanie',''),(499,'Leroy','Hélène',''),(500,'Mac','Kee',''),(501,'Petit','Michèle',''),(502,'Cuvellier','Vincent',''),(503,'Yolen','Jane',''),(504,'Tae-Jun','Lee',''),(505,'Clément','Claire',''),(506,'Brulet','Gilles',''),(507,'Vast','Emilie',''),(508,'Gellé','Albane',''),(509,'Hakim','Miloud',''),(510,'Davies','Benji',''),(511,'Roy','Claude',''),(512,'Du','Faÿ',''),(513,'Bruley','M.',''),(514,'Kiko','',''),(515,'Sénégas','Stéphane',''),(516,'Battut','Eric',''),(517,'Vincent','Gabrielle',''),(518,'Joie','par',''),(519,'Obin','Manfeï',''),(520,'Nadaus','Roland',''),(521,'Maubille','Jean',''),(522,'Pfeiffer','Virginie',''),(523,'Collectif','enfants',''),(524,'Stella','Gaia',''),(525,'Hole','Stian',''),(526,'Van','der',''),(527,'Pennac','Daniel',''),(528,'Fontenaille','Elise',''),(529,'Lobel','Arnold',''),(530,'Poirot-Chérif','Sandra',''),(531,'Slater','Dashka',''),(532,'Pintus','Eric',''),(533,'Ohmura','Tomoko',''),(534,'Iwamura','Kazuo',''),(535,'Dubray','Anne-Thérèse',''),(536,'Minne','Brigitte',''),(537,'Lacasa','Gomez',''),(538,'Desplat-Duc','Anne-Marie',''),(539,'Bessard','Sylvie',''),(540,'Szac','Murielle',''),(541,'Joire','Françoise',''),(542,'Place','François',''),(543,'Goble','Paul',''),(544,'Pelot','Dylan',''),(545,'McDermott','Gerald',''),(546,'Leroy','Jean',''),(547,'Bertron','Martin',''),(548,'Fugier','Laurence',''),(549,'Verdelet-Lamare','Annie',''),(550,'Heurté','Yves',''),(551,'Godard','Alex',''),(552,'Mounier','Fabienne',''),(553,'Stehr','Gérald',''),(554,'Lionni','Leo',''),(555,'Doremus','Gaëtan',''),(556,'Baret','Idatte',''),(557,'Nicodème','Béatrice',''),(558,'Ouyessad','Myriam',''),(559,'Lang','Suzanne',''),(560,'Chen','Jiang',''),(561,'Strasser','Susanne',''),(562,'Hoestlandt','Jo',''),(563,'Greef','Sabine',''),(564,'Hudrisier','Cécile',''),(565,'Noguès','Jean-Côme',''),(566,'Hikmet','Hazim',''),(567,'Bonnet','',''),(568,'Amrouche','Taos',''),(569,'Astolfi','Claire',''),(570,'Lechermeier','Philippe',''),(571,'Orsenna','Erik',''),(572,'Fontanel','Béatrice',''),(573,'Le','Gall',''),(574,'Epin','Bernard',''),(575,'Graves','Robert',''),(576,'Bernard','Fred',''),(577,'Kubler','Laurence',''),(578,'Balpe','Anne',''),(579,'Parlange','Adrien',''),(580,'Zoboli','Giovanna',''),(581,'Gastaut','Charlotte',''),(582,'Bernstein','Galia',''),(583,'Colombet','Julie',''),(584,'Rossi','Annie',''),(585,'Massenot','Véronique',''),(586,'Elias','Jean',''),(587,'Brown','Ken',''),(588,'Van','de',''),(589,'Durand','Jean',''),(590,'Vidal','Francine',''),(591,'Timmers','Leo',''),(592,'Tolstoï','Alexis',''),(593,'Muzo','',''),(594,'Guillevic','',''),(595,'Swift','Jonathan',''),(596,'Collectif','écoliers',''),(597,'Cros','Charles',''),(598,'Lhomme','Sandrine',''),(599,'Levine','Ellen',''),(600,'Laffon','Martine',''),(601,'Bailly','Maître',''),(602,'Charlip','Rémy',''),(603,'Brunhoff','Jean',''),(604,'Diament','Nic',''),(605,'Munari','Bruno',''),(606,'Baltscheit','Martin',''),(607,'Labourdique','Jacques',''),(608,'Ben','Soussan',''),(609,'Cameron','Ann',''),(610,'Farilli','Elena',''),(611,'Deneux','Xavier',''),(612,'Heitz','Bruno',''),(613,'Domergue','Agnès',''),(614,'Dorémus','Gaétan',''),(615,'Barrett','Judi',''),(616,'Go','Hyejin',''),(617,'Riddell','Chris',''),(618,'Mayer','Mercer',''),(619,'Trouillot','Evelyne',''),(620,'Salisbury','Martin',''),(621,'Neeman','Sylvie',''),(622,'Lorant-Jolly','Annick',''),(623,'Joffre','Véronique',''),(624,'Attiogbé','Magali',''),(625,'','',''),(626,'Estellon','Pascale',''),(627,'Becker','Aaron',''),(628,'Uman','Jennifer/Vidal',''),(629,'Ruel','Adeline',''),(630,'Nières-Chevrel','Isabelle',''),(631,'Burgaud','Pierre',''),(632,'Mercier','Julie',''),(633,'Louzon','Camille',''),(634,'Poitras','Anique',''),(635,'Chèze','Bernard',''),(636,'Baum','Gilles',''),(637,'McKinnon','Heidi',''),(638,'Mosconi','Patrick',''),(639,'Thévenet','Séverine',''),(640,'Marc','Solal',''),(641,'De','Rockere',''),(642,'Stevenson','RL',''),(643,'Mezzalama','Chiara',''),(644,'Palluy','Christine',''),(645,'Pouyet','Marc',''),(646,'Di','Mascio',''),(647,'Donnio','Sylviane',''),(648,'Guettier','Bénédicte',''),(649,'Guillotte','Eric',''),(650,'Geffen','Yehonatan',''),(651,'Bayar','Michèle',''),(652,'Mazard','Claire',''),(653,'Thiès','Paul',''),(654,'Havette','Servane',''),(655,'Ross','Tony',''),(656,'Moncomble','Gérard',''),(657,'Misslin','Sylvie',''),(658,'Baron','Marc',''),(659,'Musa','Patricia',''),(660,'Thiry','Marie-Eve',''),(661,'Gypteau','Nadia',''),(662,'Valckx','Catherine',''),(663,'Delafosse','Claude',''),(664,'Wagner','Jenny',''),(665,'Sarno','Hélène',''),(666,'Taback','Simms',''),(667,'Charpentreau','Jacques',''),(668,'Diaz','Marie',''),(669,'Safirstein','Julie',''),(670,'Hannappe','David',''),(671,'Kanor','Fabienne',''),(672,'Fine','Anne',''),(673,'Wilsdorf','Anne',''),(674,'Selena','Elena',''),(675,'Bialestowski','Gérard',''),(676,'Lautru','Michel',''),(677,'Ibn','el',''),(678,'Inkpen','Mick',''),(679,'Lalinon','Gbado',''),(680,'Boel','Anne',''),(681,'Benjelloun','Saïd',''),(682,'O\'Byrne','Nicola',''),(683,'Delacroix','Sibylle',''),(684,'François','André',''),(685,'Nguyên','Viet',''),(686,'Pinfold','Levi',''),(687,'Cherisey','Thérèse',''),(688,'Clavel','Bernard',''),(689,'Kraus','Robert',''),(690,'Lecaye','Olga',''),(691,'Dros','Imme',''),(692,'Kessler','Frédéric',''),(693,'Berchoud','Bruno',''),(694,'Held','Jacqueline',''),(695,'Fortier','Natali',''),(696,'Pinkey','Jerry',''),(697,'Chenouf','Yvanne',''),(698,'Boulaire','Cécile',''),(699,'Escarpit','Denise',''),(700,'Claverie','Jean',''),(701,'Louis','Catherine',''),(702,'Khémir','Nacer',''),(703,'Harrison','David',''),(704,'Duprat','Guillaume',''),(705,'Berner','Rotraut',''),(706,'Bonnafé','Marie',''),(707,'Buguet','Anne',''),(708,'Bernos','Clotilde',''),(709,'Jaffrennou','Yves',''),(710,'La','Fontaine',''),(711,'Choux','Nathalie',''),(712,'Robillard','Jean-Marie',''),(713,'Picouly','Daniel',''),(714,'S.A.H.G.Y.K.O.D.','',''),(715,'Lenglet','Maud',''),(716,'Khoury','Gatha',''),(717,'Mets','Alan',''),(718,'Audren','',''),(719,'Hinckel','Florence',''),(720,'Witek','Jo',''),(721,'Mabanckou','Alain',''),(722,'Nicolino','Fabrice',''),(723,'Janisch','Hans',''),(724,'Blanpain','Jean-Pierre',''),(725,'Noiret','Gérard',''),(726,'Ichikawa','Satomi',''),(727,'Clément','Frédéric',''),(728,'Utton','Peter',''),(729,'Tashlin','Frank',''),(730,'Moraes','Vinicius',''),(731,'Swanson','Susan',''),(732,'Moore','Inga',''),(733,'Bielinsky','Claudia',''),(734,'Joubert','Jean',''),(735,'Moeyaert','Bart',''),(736,'Laugausie','Justine',''),(737,'Nivola','Claire',''),(738,'Dorémus','Gaëtan',''),(739,'Higgins','Ryan',''),(740,'Zidrou','',''),(741,'Jaffé','Laura',''),(742,'Maussion','Anne',''),(743,'Bougeault','Pascale',''),(744,'Carter','Noëlle',''),(745,'Schneider','Christine',''),(746,'Fournier','Jacques',''),(747,'Glondoumé','Sika',''),(748,'Diallo','Mamadou',''),(749,'Cauwe','Lucie',''),(750,'Colmont','Marie',''),(751,'Daeninckx','Didier',''),(752,'Aimé','Marcel',''),(753,'Adriansen','Sophie',''),(754,'Condominas','Laurent',''),(755,'Rice','Hélène',''),(756,'McNeil','David',''),(757,'Watanabe','Michio',''),(758,'Barbarou','Lucienne',''),(759,'Perrin','Martine',''),(760,'Yagoubi','Valérie',''),(761,'Ruiz','Olivia',''),(762,'Brenman','Ilan',''),(763,'Korkos','Alain',''),(764,'Lloyd','Sam',''),(765,'Robberecht','Thierry',''),(766,'Kalan','Robert',''),(767,'Lagerlof','Selma',''),(768,'Rueda','Claudia',''),(769,'Ovide','',''),(770,'Aït','Ahmed',''),(771,'Ebohéa','Marie',''),(772,'Watanabe','Issa',''),(773,'Flouw','Benjamin',''),(774,'Diallo','Muriel',''),(775,'Barman','Adrienne',''),(776,'ARPLE','',''),(777,'Leduc','Daniel',''),(778,'Pang','Miguel',''),(779,'Kitamura','Satochi',''),(780,'Laffon','Caroline',''),(781,'Cantin','Marc',''),(782,'Perret','Delphine',''),(783,'Chabbert','Ingrid',''),(784,'Bahar','Sunar',''),(785,'Vernette','Véronique',''),(786,'Titus','',''),(787,'Rouzé','Marina',''),(788,'Fauliot','Pascal',''),(789,'Mereu','Agata',''),(790,'El','Fathi',''),(791,'Schwarz','Annelies',''),(792,'Ka','Olivier',''),(793,'Vasconcelos','José',''),(794,'Wisniewski','Gaya',''),(795,'Demasse-Pottier','Stéphanie',''),(796,'Kasza','Keiko',''),(797,'Wall','Fiona',''),(798,'Miyamoto','Tadao',''),(799,'Legendre','Françoise',''),(800,'Daufresne','Michelle',''),(801,'Delecroix','Hanieh',''),(802,'Silloray','',''),(803,'Zullo','Germano',''),(804,'Claudel','Philippe',''),(805,'Wiesner','David',''),(806,'Cannard','Edmée',''),(807,'Pegorier','Saralisa',''),(808,'Gay-Para','Praline',''),(809,'Bichonnier','Henriette',''),(810,'Ayadi','Boubakeur',''),(811,'Propp','Vladimir',''),(812,'Léger-Cresson','Nathalie',''),(813,'Boudet','Alain',''),(814,'Guenoun','Joël',''),(815,'Lecaye','Emmanuel',''),(816,'Villiot','Bernard',''),(817,'Desnouveaux','Florence',''),(818,'Sommerset','Mark',''),(819,'Golan','Haji',''),(820,'Brouillard','Anne',''),(821,'Kinsa','Gabriel',''),(822,'Ben','Soussan',''),(823,'Maunoury','Jean',''),(824,'Weulersse','Odile',''),(825,'Birant','Mehmet',''),(826,'Charlat','Benoît',''),(827,'Muratet','Louis',''),(828,'Leblond','Michaël',''),(829,'Beauvois','Delphine',''),(830,'Olive','Guillaume',''),(831,'Watt','Fiona',''),(832,'Snicket','Lemony',''),(833,'Mandelbaum','Pili',''),(834,'Duval','Isabelle',''),(835,'Hellings','Colette',''),(836,'Bone','Betty',''),(837,'Béziat','Julien',''),(838,'Aribaud','Jean',''),(839,'Jacques','Benoît',''),(840,'Péghaire','Vincent',''),(841,'Maudet','Mathieu',''),(842,'Boisrobert','Anouck',''),(843,'Beaude','PM.',''),(844,'Sala','Felicita',''),(845,'Bianco-Levin','Nicolas',''),(846,'Ressouni','Demigneux',''),(847,'Dayre','Valérie',''),(848,'Cendrars','Blaise',''),(849,'Stravinsky','Igor',''),(850,'Poirot-Cherif','Sandra',''),(851,'Bermond','Monique',''),(852,'Vincent','François',''),(853,'Roux','Julien',''),(854,'Falconer','Ian',''),(855,'Dunrea','Olivier',''),(856,'Arrou-Vignod','Jean',''),(857,'Jonquet','Thierry',''),(858,'Simard','Eric',''),(859,'Séguy','Fabienne',''),(860,'Florian','Mélanie',''),(861,'Rayna','S',''),(862,'Norge','',''),(863,'Bunting','E.',''),(864,'Doyle','Roddy',''),(865,'Pizzoli','Greg',''),(866,'Ravishankar','A',''),(867,'Corazza','Linda',''),(868,'Dupuy','Dunier',''),(869,'Tupera','Tupera',''),(870,'Alix','Cécile',''),(871,'Yumoto','Kazumi',''),(872,'Lavie','Oren',''),(873,'Alonso','Jose',''),(874,'Klausmeier','Klaus',''),(875,'Di','Giovanni',''),(876,'Ovaldé','Véronique',''),(877,'Mrzyk','et',''),(878,'Clavel','Fabien',''),(879,'Texier','Ophélie',''),(880,'Allen','Nicholas',''),(881,'Touzeil','Jean',''),(882,'Salinas','Veronica',''),(883,'Le','Néouanic',''),(884,'Helft','Claude',''),(885,'Mwankumi','Dominique',''),(886,'Desnos','Robert',''),(887,'Ninie','',''),(888,'Dalrymple','Jennifer',''),(889,'Sanders','Louis',''),(890,'Loucou','Michel',''),(891,'Dubois','CK',''),(892,'Robert','Nadine',''),(893,'Matéo','Pepito',''),(894,'Monsabert','A.-Sophie',''),(895,'Fournier','',''),(896,'Climo','Liz',''),(897,'Giono','Jean',''),(898,'Pinguilly','Yves',''),(899,'Duve','Catherine',''),(900,'Proust','Marcel',''),(901,'Le','Saux',''),(902,'Hugo','Hector',''),(903,'Kamoun','Martine',''),(904,'Macri','Giancarlo',''),(905,'Duquennoy','Jacques',''),(906,'Falorsi','Ilaria',''),(907,'Saint-Exupéry','Antoine',''),(908,'Verluca','Constance',''),(909,'Mirman','Anne',''),(910,'Wintrebert','Joëlle',''),(911,'Allemand','Sylvie',''),(912,'Weaver','Jo',''),(913,'Chausson','Julia',''),(914,'Carrier','Isabelle',''),(915,'Grunelius-Hollard','Agnès',''),(916,'Grunelius','Hollard',''),(917,'Voutch','',''),(918,'Corr','Christopher',''),(919,'Buteau','Gaëlle',''),(920,'Jolibois','Christian',''),(921,'Moüy','Iris',''),(922,'Wood','Don',''),(923,'Dubé','Pierrette',''),(924,'Vinet','Sofie',''),(925,'Aladjidi','Virginie',''),(926,'Montse','Gisbert',''),(927,'Holmelund','Minarik',''),(928,'Dubois','Jean-Claude',''),(929,'Hee-na','Baek',''),(930,'Altan','',''),(931,'Destours','Christine',''),(932,'Claire','Céline',''),(933,'Dubois','Claude',''),(934,'Tolstoï','Léon',''),(935,'Iwamura','Kasuo',''),(936,'Girardet','et',''),(937,'Rogier','Françoise',''),(938,'Pastoureau','Michel',''),(939,'Oppel','Jean-Luc',''),(940,'Rocard','Anne',''),(941,'Jay','Françoise',''),(942,'Brisac','Geneviève',''),(943,'Backès','Michel',''),(944,'Perez','Sébastien',''),(945,'Bathany','Claude',''),(946,'Pinto','Deborah',''),(947,'Henderson','Kathy',''),(948,'Pavlenko','Marie',''),(949,'Barcilon','Marianne',''),(950,'Moka','',''),(951,'Bergèse','Paul',''),(952,'Soletti','Pierre',''),(953,'Hérédia','Géraldine',''),(954,'Magnier','Bernard',''),(955,'Mardam-Bey','Farouk',''),(956,'Arraga','de',''),(957,'Lévêque','Valérie',''),(958,'Grant','Joan',''),(959,'Storr','Catherine',''),(960,'Badescu','Ramona',''),(961,'Soleil','Emilie',''),(962,'Mari','Iela',''),(963,'Sorman','Joy',''),(964,'Vissière','Sophie',''),(965,'Escudié','René',''),(966,'Loufane','',''),(967,'Coran','Pierre',''),(968,'Da','Silva',''),(969,'Pierpont','Nathalie',''),(970,'Hobson','Bruce',''),(971,'Lila','Prap',''),(972,'\"Bonnafé,\"','\"Cabrero,\"',''),(973,'Felix','Lucie',''),(974,'Moissard','Boris',''),(975,'Chausse','Sylvie',''),(976,'Benameur','Jeanne',''),(977,'Chen','Jian',''),(978,'Curatolo','Justine',''),(979,'La','Villefromoit',''),(980,'Félix','Lucie',''),(981,'Delessert','Etienne',''),(982,'Naumann-Villemin','Christine',''),(983,'Bettelheim','Bruno',''),(984,'Bigot','Gigi',''),(985,'Olten','Manuela',''),(986,'Ubac','Claire',''),(987,'Dek','Maria',''),(988,'Gréban','Quentin',''),(989,'Bonotaux','Gilles',''),(990,'Cabrera','Jane',''),(991,'Morel','François',''),(992,'Ruillier','Jérôme',''),(993,'Jenkins','Steve',''),(994,'Joslin','Sesyle',''),(995,'Machado','Ana',''),(996,'Santini','Bertrand',''),(997,'Gabrielle','Vincent',''),(998,'Teyssèdre','Fabienne',''),(999,'Aubrun','Claudine',''),(1000,'Périgot','Joseph',''),(1001,'Gratias','Claire',''),(1002,'Némo','et',''),(1003,'Bresner','Lisa',''),(1004,'Kemmeter','Philippe',''),(1005,'Trédez','Emmanuel',''),(1006,'Besnier','Michel',''),(1007,'Manfeï','Obin',''),(1008,'Daywalt','Drew',''),(1009,'Skarmeta','Antonio',''),(1010,'Alibeu','Géraldine',''),(1011,'Hayashi','Emiri',''),(1012,'Lucia','Scuderi',''),(1013,'Steff','',''),(1014,'Quintane','Nathalie',''),(1015,'Bickford-Smith','Coralie',''),(1016,'Ducatteau','Florence',''),(1017,'Battault','Paule',''),(1018,'Char','René',''),(1019,'Janikovszky','Eva',''),(1020,'Luciani','Jean-Luc',''),(1021,'Brami','Elizabeth',''),(1022,'Sakaï','Komako',''),(1023,'Bonniol','Magali',''),(1024,'Rimbaud','Arthur',''),(1025,'Coran','\"Pierre,\"',''),(1026,'Turin','Adela',''),(1027,'Sabbagh','Clémence',''),(1028,'Voigt','Marie',''),(1029,'Pourquié','Bernadette',''),(1030,'Cohen-Janca','Irène',''),(1031,'Roger','Marie',''),(1032,'Blexbolex','',''),(1033,'Issa','',''),(1034,'Cole','Babette',''),(1035,'Dio','Mohamed',''),(1036,'Dorin','Perrine',''),(1037,'Tzannes','',''),(1038,'Mebs','Gudrun',''),(1039,'Sarrazin','Jean-Charles',''),(1040,'Matsuoka','Tatsuhide',''),(1041,'Hughes','Emily',''),(1042,'Aubert','Brigitte',''),(1043,'Todd-Stanton','Joe',''),(1044,'Trotereau','Anne',''),(1045,'Clayton','Junior',''),(1046,'Guibert','Françoise',''),(1047,'Koenig','Viviane',''),(1048,'Spier','Paul',''),(1049,'Monnereau','Michel',''),(1050,'Larreula','Enric',''),(1051,'Caylou','Véronique',''),(1052,'Stein','Mathilde',''),(1053,'Hindenoch','Michel',''),(1054,'Larizza','Olivier',''),(1055,'Schickel','Emilie',''),(1056,'Japon','',''),(1057,'Bobe','Françoise',''),(1058,'Lambersy','Werner',''),(1059,'Paris','Cécile',''),(1060,'Crosbie','Duncan',''),(1061,'Cardon','Laurent',''),(1062,'Hoban','Kristy',''),(1063,'Van','de',''),(1064,'Pappa','Rodoula',''),(1065,'Herbert','Scott',''),(1066,'Roman','Nadia',''),(1067,'Coat','Janie',''),(1068,'Kipling/Chaliand','Gérard',''),(1069,'Cobb','Rebecca',''),(1070,'Epanya','Christian',''),(1071,'Ferrer','Nino',''),(1072,'Raisson','Gwendoline',''),(1073,'Naumann','Villemin',''),(1074,'Kerr','Judith',''),(1075,'Gagnon','Nathalie',''),(1076,'Lodge','Jo',''),(1077,'Willer','Thérèse',''),(1078,'Armange','Xavier',''),(1079,'Daladier','Nathalie',''),(1080,'Duda','Christian',''),(1081,'Morrison','Toni',''),(1082,'Elschner','Géraldine',''),(1083,'Wise','Brown',''),(1084,'Misraki','',''),(1085,'Pernaudet','Christophe',''),(1086,'Agence','Quand',''),(1087,'Cooke','Trish',''),(1088,'Legrand','Gilbert',''),(1089,'Colombani','Laetitia',''),(1090,'Santangelo','Eugène',''),(1091,'Lafonta','Isabelle',''),(1092,'Van','Zeveren',''),(1093,'Vassallo','Rose-Marie',''),(1094,'Rivoal','Marine',''),(1095,'Dufresne','Didier',''),(1096,'Oster','Christian',''),(1097,'Pontavice','Clémentine',''),(1098,'Sanchez','Virginie',''),(1099,'Gueyfier','Judith',''),(1100,'Schnitzberger','Simon',''),(1101,'Galea','Claudine',''),(1102,'Urial','',''),(1103,'Seeber','Dorothea',''),(1104,'Buzzeo','Toni',''),(1105,'Aubrun','Claude',''),(1106,'Benoist','Cécile',''),(1107,'Chavepeyer','I',''),(1108,'Supervielle','Jules',''),(1109,'Su','Dong',''),(1110,'Goytisolo','José',''),(1111,'Ipcar','Dahlov',''),(1112,'Cazals','Thierry',''),(1113,'Voake','Charlotte',''),(1114,'Yi','Gee',''),(1115,'Roux','Delphine',''),(1116,'Kaïteris','Constantin',''),(1117,'Cabaco','Silvia',''),(1118,'Nessmann','Philippe',''),(1119,'Simon','Quitterie',''),(1120,'Shingu','Susumu',''),(1121,'Crews','Donald',''),(1122,'Malnuit','Françoise',''),(1123,'Bertrand','Micheline',''),(1124,'Billiard','Jean-Michel',''),(1125,'Mallard','Marie-Constance',''),(1126,'Brière','Joëlle',''),(1127,'Henkes','Kevin',''),(1128,'Gibert','Bruno',''),(1129,'Garth','Williams',''),(1130,'Church','Caroline',''),(1131,'Devaux','Stéfany',''),(1132,'Kalioujny','Pauline',''),(1133,'Cagnard','Dominique',''),(1134,'Pigois','Melissa',''),(1135,'Alméras','Arnaud',''),(1136,'Hale','Nathan',''),(1137,'Lee','Suzy',''),(1138,'Merleau-Ponty','Claire',''),(1139,'Mankour','Mohamed',''),(1140,'Fetjö','Raphaël',''),(1141,'Guillon','Camille',''),(1142,'Angelou','Maya',''),(1143,'Bayard','Michèle',''),(1144,'Galvin','Michel',''),(1145,'Thydell','',''),(1146,'Dumortier','David',''),(1147,'Blegvard','E',''),(1148,'Ollivier','Mikaël',''),(1149,'Seong-eun','Kim',''),(1150,'Van','Biesen',''),(1151,'Prévot','Franck',''),(1152,'Grelet','Isabella',''),(1153,'Gravel','François',''),(1154,'Dodeller','Sylvie',''),(1155,'Peynot','Patrick',''),(1156,'Whelan','Gloria',''),(1157,'Lee','Hyun-kyeong',''),(1158,'Derouen','Jean-Marc',''),(1159,'Diéterlé','Nathalie',''),(1160,'Dieterlé','Nathalie',''),(1161,'Zimet','Ben',''),(1162,'Ehlert','Lois',''),(1163,'Barbeau','Philippe','');
/*!40000 ALTER TABLE `author` ENABLE KEYS */;
UNLOCK TABLES;

--
-- Table structure for table `book`
--

DROP TABLE IF EXISTS `book`;
/*!40101 SET @saved_cs_client     = @@character_set_client */;
/*!50503 SET character_set_client = utf8mb4 */;
CREATE TABLE `book` (
  `id` int NOT NULL AUTO_INCREMENT,
  `title` varchar(255) NOT NULL,
  `publisher_id` int NOT NULL,
  `author_id` int NOT NULL,
  PRIMARY KEY (`id`),
  KEY `publisher_id` (`publisher_id`),
  KEY `author_id` (`author_id`),
  CONSTRAINT `book_ibfk_1` FOREIGN KEY (`publisher_id`) REFERENCES `publisher` (`id`),
  CONSTRAINT `book_ibfk_2` FOREIGN KEY (`author_id`) REFERENCES `author` (`id`)
) ENGINE=InnoDB AUTO_INCREMENT=2724 DEFAULT CHARSET=utf8mb4 COLLATE=utf8mb4_0900_ai_ci;
/*!40101 SET character_set_client = @saved_cs_client */;

--
-- Dumping data for table `book`
--

LOCK TABLES `book` WRITE;
/*!40000 ALTER TABLE `book` DISABLE KEYS */;
INSERT INTO `book` VALUES (1,'\"Album, que fais-tu, que dis-tu ?\"',301,85),(2,'Cahiers du CRILJ',293,6),(3,'\"Lieux de passage, lieux de rêve\"',291,693),(4,'Mini-guide pour mini-lecteurs',297,775),(5,'Petit prince (le)',300,906),(6,'Pourquoi les animaux ont-ils une queue ?',302,496),(7,'Nuit de la dernière lune (la)',304,837),(8,'Passages',304,837),(9,'De la terrible et magnifique histoire...',303,427),(10,'Ane invisible (l\')',302,107),(11,'Ane K\'hal à la télévision (l\')',302,107),(12,'Douze malices du hérisson',302,459),(13,'Salem et le sorcier',302,1034),(14,'Aoulout',301,123),(15,'Fruits',301,556),(16,'Ogre et la chèvre (l\')',301,123),(17,'A bit lost',300,39),(18,'Univers fascinant du Dominatus (l\')',299,76),(19,'Contes de Russie',298,380),(20,'Ouvre l\'œil !',297,874),(21,'Animaux de l\'herbier (les)',296,114),(22,'66 haïkus',295,34),(23,'Mineur et le boulanger (le)',293,773),(24,'Mon livre pop-up. Le jardin',293,796),(25,'Noël',293,830),(26,'Quelle fête !',293,994),(27,'Contes des mille et une nuits',292,6),(28,'Aventures de Renart le goupil (les)',291,19),(29,'Enfant d\'éléphant (l\')',291,359),(30,'Gâteau perché tout là-haut (le)',291,561),(31,'Mes animaux',291,611),(32,'Princesse au petit pois (la)',291,294),(33,'Rêve de Léon (le)',291,303),(34,'Un éléphant sur une balançoire',291,561),(35,'Un sommeil agité',291,561),(36,'A table',290,55),(37,'Ah ! Ernesto',290,78),(38,'\"Amour, impératif et pistolet\"',290,105),(39,'Amoureux grave',290,97),(40,'Attention... Je mords !',290,147),(41,'Au jardin',290,55),(42,'Au-delà de moi',290,167),(43,'Avec le temps',290,179),(44,'Bazar bizarre',290,200),(45,'Boîte à images (la)',290,66),(46,'Bonne nuit tout le monde',290,39),(47,'\"Brigitte, la brebis qui n\'avait peur de rien\"',290,256),(48,'Bruits',290,260),(49,'Caché !',290,271),(50,'Caravane (la)',290,285),(51,'Chant des lunes (le)',290,315),(52,'Chat',290,321),(53,'Chat le plus mignon du monde (le)',290,324),(54,'\"Chut, on a un plan\"',290,39),(55,'Comme un géant',290,356),(56,'Crocolion (le)',290,55),(57,'Dentriste (la)',290,244),(58,'Des milliards d\'étoiles',290,55),(59,'Des petits riens au goût de citron',290,443),(60,'Dix petits tanks s\'en vont en guerre',290,73),(61,'Doudou de Tiloulou',290,97),(62,'Du bruit sous mon lit',290,490),(63,'Du temps',290,51),(64,'Eléphants',290,51),(65,'Fil de soie (le)',290,419),(66,'Fous d\'oliviers (les)',290,193),(67,'Grande question (la)',290,474),(68,'Homme à l\'oreille coupée (l\')',290,191),(69,'Homme qui ne possédait rien (l\')',290,191),(70,'Il était une fois',290,613),(71,'Il y a des heures qui durent longtemps',290,97),(72,'Images des livres pour la jeunesse',290,622),(73,'Imagier caché',290,623),(74,'Imagier mouvementé',290,623),(75,'Je ne dors jamais',290,648),(76,'Je t\'aime',290,233),(77,'Je te hais',290,233),(78,'Jour où le grand chêne est tombé (le)',290,210),(79,'Loup (le)',290,51),(80,'Ma grand-mère en container',290,244),(81,'Ma mère',290,252),(82,'Ma voisine est amoureuse',290,151),(83,'Madame la poule',290,723),(84,'Meilleur livre... (le)',290,754),(85,'\"Michel, le mouton qui n\'avait pas de chance\"',290,256),(86,'Moi le loup et les chocos',290,781),(87,'Mon cochon',290,723),(88,'Monstres malades',290,66),(89,'Motamots',290,97),(90,'Nouvelles re-vertes',290,6),(91,'Oh ! La vache',290,55),(92,'\"Oh non, George !\"',290,39),(93,'Oskar le coq',290,321),(94,'Père Tire-Bras',290,353),(95,'Périgord noir',290,888),(96,'Petit bout de bois',290,612),(97,'Planète bizarre',290,916),(98,'Podlapin',290,31),(99,'Pomme pomme pomme',290,271),(100,'Pourquoâaa',290,916),(101,'Prédateurs',290,82),(102,'\"Prince de naissance, attentif de nature\"',290,975),(103,'Quelles couleurs !',290,151),(104,'Qui peut manger tout ça ?',290,1003),(105,'Rendez-vous n\'importe où',290,244),(106,'Roule ma poule',290,97),(107,'Sale gamin',290,105),(108,'Scènes de crime',290,1041),(109,'Seize nouvelles',290,6),(110,'Sequoyah',290,226),(111,'Souvenirs de Paris',290,1058),(112,'Surprise (la)',290,1065),(113,'Totale angoisse',290,1041),(114,'Tout un monde',290,55),(115,'Tu t\'appelles qui ?',290,1100),(116,'Tu verras quand tu seras grand',290,73),(117,'Un cœur qui bat',290,924),(118,'Un ours dans la bergerie',290,1118),(119,'Un peu perdu',290,39),(120,'Une princesse au palais',290,419),(121,'Vivement jeudi !',290,1147),(122,'Voleuse !',290,1150),(123,'\"Mayra, enfant de Bolivie\"',289,6),(124,'\"Nadine, enfant de Suisse\"',289,6),(125,'\"Pablo, enfant du Guatemala\"',289,6),(126,'\"Raphaël, un enfant de France\"',289,6),(127,'D\'une île à l\'autre',288,396),(128,'Elle a dit non !',288,499),(129,'Gros chagrin',288,257),(130,'Ma mère est maire',288,718),(131,'Contes de la rue Broca',287,379),(132,'Agneau qui ne voulait pas être un mouton (l\')',286,76),(133,'On se retrouvera',286,862),(134,'Deux mains pour le dire',285,76),(135,'Doigts rouges (les)',285,478),(136,'Je suis amoureux d\'un tigre',285,652),(137,'Livre des djinns (le)',285,701),(138,'Pas de whisky pour Méphisto',285,652),(139,'Pierre qui roule n\'amasse pas mahousse',285,938),(140,'Plus beaux contes de conteurs (les)',285,6),(141,'Qui a tué Minou-Bonbon ?',285,999),(142,'Un amour de poule',285,1104),(143,'Armand chez les Passimpas',284,138),(144,'Ascenseur pour le futur',284,140),(145,'Assassin habite à côté (l\')',284,143),(146,'Autre Monsieur Paul (l\')',284,173),(147,'Buffle et l’Oiseau (le)',284,261),(148,'Cadeau oublié (le)',284,193),(149,'Chachatatutu et le phénix (le)',284,311),(150,'Chapeau (le)',284,316),(151,'Chat machin (le)',284,316),(152,'Cœur de pierre',284,352),(153,'Contes à croquer',284,373),(154,'Contes des peuples de Chine',284,384),(155,'Contes du Brésil',284,160),(156,'Crapaud et la clef des eaux',284,402),(157,'Des poux dans ma téci',284,444),(158,'Dix minutes à perdre',284,472),(159,'Eventail diabolique (l\')',284,30),(160,'Grain de riz (le)',284,373),(161,'Grosse pomme et autres contes de gourmandise (la)',284,373),(162,'Horloger de l\'aube (l\')',284,550),(163,'J\'ai tué mon prof !',284,637),(164,'Loukoum à la pistache (le)',284,261),(165,'Mariage de Pucette (le)',284,402),(166,'Mariama',284,747),(167,'Ogre gentleman (l\')',284,807),(168,'Ogre gentleman (l\')',284,807),(169,'On a volé le Nkoro-Nkoro',284,856),(170,'On a volé mon vélo',284,857),(171,'Où est Petit Tigre ?',284,865),(172,'Quatre histoires du Petit Chaperon rouge',284,990),(173,'Qui a fouillé chez les Wisigoths ?',284,998),(174,'Rat célibataire (le)',284,1006),(175,'Rédaction (la)',284,1008),(176,'Schmat doudou (le)',284,30),(177,'Singe et le crocodile (le)',284,261),(178,'Taxi-brousse de Papa Diop (le)',284,1069),(179,'Monde sans les enfants (le)',283,803),(180,'Histoires du soir autour du monde',282,6),(181,'Histoires du soir autour du monde',282,6),(182,'Comment le rhinocéros se fit la peau',281,359),(183,'A cheval sur la lune',280,42),(184,'Butinages',280,264),(185,'Du sel sur la langue',280,491),(186,'Escargots sont des héros (les)',280,520),(187,'Jupes s\'étourdissent (les)',280,675),(188,'\"Mot, je te vois\"',280,264),(189,'Naviguer dans les marges',280,491),(190,'Petit Om',280,902),(191,'Petites affaires de Marie-Louise (les)',280,923),(192,'Poches pleines de mots (les)',280,950),(193,'A l\'intérieur des méchants',279,47),(194,'A quai',279,51),(195,'Amants papillons (Les)',279,99),(196,'Après-midi d\'une fée (l\')',279,126),(197,'Art à la loupe (l\')',279,139),(198,'Au commencement',279,153),(199,'Babouches d\'Abou Kassem (les)',279,187),(200,'Bagdan et la louve aux yeux d\'or',279,98),(201,'Bête de mon jardin (la)',279,210),(202,'Bonjour bébé',279,97),(203,'Bonne pêche',279,26),(204,'Caillou (le)',279,26),(205,'Cent bêtes pour ceux qui s\'embêtent',279,97),(206,'C\'est l\'histoire du poisson bavard',279,257),(207,'C\'est moi le roi !',279,305),(208,'Charles à l\'école des dragons',279,319),(209,'Charles prisonnier du cyclope',279,319),(210,'Chemin qui ne mène nulle part (le)',279,74),(211,'Chouette (la)',279,26),(212,'Contes d\'Asie',279,375),(213,'Contes d\'un roi pas si sage',279,98),(214,'Dans le ventre de la terre',279,419),(215,'Denis fifty-fifty',279,433),(216,'Des nouvelles de mon chat',279,442),(217,'\"Enfant, le renne et le loup (l\')\"',279,512),(218,'\"Ernest, maître du monde\"',279,126),(219,'Escargot et l\'éléphant (l\')',279,519),(220,'Faut toujours pas confondre',279,344),(221,'Frigo vide',279,555),(222,'Gros mot de Lili Bobo (le)',279,97),(223,'Il était une fois un roi et une rei…',279,31),(224,'Il fait nuit',279,614),(225,'Jamais de la vie',279,97),(226,'Je suis un lion',279,55),(227,'Je veux voler',279,55),(228,'Lion qui avait mauvaise haleine (le)',279,402),(229,'Lions ne mangent pas de croquettes (les)',279,126),(230,'Livre des terres imaginées (le)',279,703),(231,'Lou pour toujours',279,97),(232,'Loup et la colombe (le)',279,187),(233,'Ma Lou adorée',279,97),(234,'Ma Sœur-Etoile',279,720),(235,'Madame le lapin blanc',279,442),(236,'Mal élevés',279,735),(237,'Maximagier',279,227),(238,'Mékeskispasse ?',279,755),(239,'Méli-mélo de mots',279,759),(240,'Mélodie des tuyaux (la)',279,760),(241,'Merci Papa !',279,97),(242,'\"Moi j\'adore, Maman aussi\"',279,97),(243,'Mon chien',279,26),(244,'Musiciens de Brême (les)',279,36),(245,'Nian le terrible',279,829),(246,'Nous avons rendez-vous',279,301),(247,'Olivia',279,853),(248,'Pablo de La Courneuve',279,419),(249,'Patate',279,55),(250,'Patates',279,882),(251,'Petit Chien',279,819),(252,'\"Petite main, petit pouce\"',279,758),(253,'Petits bleus au cœur (les)',279,97),(254,'Petits nuages (les)',279,266),(255,'Petits riens (les)',279,97),(256,'Pieds nus',279,257),(257,'Pire livre pour apprendre le dessin (le)',279,55),(258,'Pire livre pour apprendre le pot (le)',279,55),(259,'Poisson chat',279,26),(260,'Pop-up pin pon',279,758),(261,'Poucette',279,193),(262,'Poupée de Ting-Ting (la)',279,98),(263,'Pourquoi le tigre ne grimpe pas aux arbres',279,261),(264,'Princesse des Ménines (la)',279,978),(265,'P\'tits mecs (les)',279,984),(266,'Quand les poules auront des dents',279,126),(267,'Que fais-tu Fantine ?',279,66),(268,'Qui a croqué mon goûter ?',279,997),(269,'Qui a volé ma fusée ?',279,997),(270,'Regarde !',279,271),(271,'Rends-moi mon nez !',279,1016),(272,'Répétou (le)',279,55),(273,'Roi des sables (le)',279,26),(274,'\"Sale gosse, ou l\'incroyable histoire…\"',279,1033),(275,'\"Sauve-toi, Elie\"',279,97),(276,'Sin le veilleur',279,1045),(277,'Slip du cauchemar (le)',279,998),(278,'Super Cagoule',279,55),(279,'Ta Lou qui t\'aime',279,97),(280,'Tas de riz tas de rats',279,26),(281,'Un et sept',279,74),(282,'Une souris verte dans l\'herbe',279,26),(283,'Va-t\'en guerre',279,26),(284,'Vilain petit canard (le)',279,193),(285,'Voyage à Poubelle-Plage',279,97),(286,'Voyelles',279,97),(287,'Zoo poétique (le)',279,6),(288,'27 poules sur un mur',278,26),(289,'A poèmes ouverts',278,45),(290,'Aagun',278,26),(291,'Alphabêtisier (L’)',278,97),(292,'Article 309 du code pénal du jardin',278,26),(293,'Au secours des Zulus-Papous',278,26),(294,'Barbe-bleue (la)',278,26),(295,'Bob et Marley. L\'hôtel à insectes',278,226),(296,'Bob et Marley. Un métier',278,226),(297,'Bonjour Tommy',278,235),(298,'C\'est chic !',278,301),(299,'Chirurgien',278,26),(300,'Cinq sens (les)',278,344),(301,'Clé des contes (la)',278,346),(302,'Fourmi (la)',278,26),(303,'Histoire des trois oiseaux (l\')',278,605),(304,'Itak et la baleine',278,634),(305,'Kibwé',278,26),(306,'Lapins savent compter (les)',278,612),(307,'Livre de la lézarde (le)',278,550),(308,'Maison de Madame M. (la)',278,47),(309,'\"Moi je déteste, maman adore!\"',278,97),(310,'Mon chat le plus bête du monde',278,442),(311,'Morphologie du conte',278,810),(312,'Nous avons rendez-vous',278,301),(313,'Odile ?',278,301),(314,'Pacha qui s\'ennuyait (le)',278,126),(315,'Petite poule rousse (la)',278,634),(316,'Poèmes à rire et à jouer',278,97),(317,'Pop-up à la ferme',278,758),(318,'Rêve de lune',278,1020),(319,'Rock star',278,26),(320,'Taupe (la)',278,26),(321,'Train jaune (le)',278,576),(322,'Un loup au Paradis',278,26),(323,'Yakouba',278,26),(324,'Vie ne me fait pas peur (la)',277,1141),(325,'En rires',276,439),(326,'\"Pas si bêtes, les animaux\"',276,594),(327,'Premier livre d\'or des poètes (le)',276,50),(328,'20 contes des pourquoi',275,24),(329,'Contes du bout du monde',275,386),(330,'Histoires d\'ours',275,24),(331,'Bonnes nouvelles de…',274,242),(332,'Bonnes nouvelles de…',274,243),(333,'Bonnes nouvelles de…',274,244),(334,'Petite anthologie de la science-fiction',274,909),(335,'Petite anthologie du policier',274,910),(336,'Bus de Rosa (le)',273,263),(337,'Guerre des mots (la)',273,26),(338,'Mon papa roulait les R',273,798),(339,'Amoureux sont trop bêtes (les)',272,73),(340,'Ange disparu (l\')',272,109),(341,'Aspergus et moi',272,142),(342,'Au bout des rails',272,150),(343,'Bronto mégalo saure',272,73),(344,'Carnaval des dragons (le)',272,109),(345,'Ce que lisent les animaux',272,295),(346,'C\'est l\'histoire d\'un éléphant',272,303),(347,'C\'est l\'histoire d\'un hippopotame',272,303),(348,'C\'est l\'histoire d\'une grenouille',272,303),(349,'Chat pas moi !',272,326),(350,'Chien-chien à sa Mémère (le)',272,303),(351,'Comment élever un Raymond ?',272,303),(352,'Comment rallumer un dragon éteint ?',272,142),(353,'Cours !',272,73),(354,'Course épique',272,301),(355,'Dou et son doudou',272,480),(356,'Ennemi (l\')',272,73),(357,'Gamine et son roi',272,358),(358,'Garçon du phare (le)',272,109),(359,'Gens d\'Autour du feu (les)',272,244),(360,'Georges et son Ombre',272,73),(361,'Grand corbeau',272,572),(362,'Grand livre de la bagarre (le)',272,73),(363,'Grande fête dans la jungle (la)',272,583),(364,'Hôtel Bellevue',272,142),(365,'Il était 2 fois dans l\'Ouest',272,358),(366,'Il faudra',272,243),(367,'Jeu de piste à Volubilis',272,109),(368,'Jouer aux fantômes',272,142),(369,'\"Léopold, chien de divan\"',272,73),(370,'Livre abominable (le)',272,295),(371,'Ma tata Thérèse',272,721),(372,'Maman Robot',272,739),(373,'Merci',272,142),(374,'\"Moi, j\'attends\"',272,73),(375,'Mon papa migrateur',272,244),(376,'Mon papa pirate',272,73),(377,'Mystère de la grande dune (le)',272,109),(378,'Oubliés de l\'étagère (les)',272,142),(379,'Panique à Paris',272,486),(380,'Petites histoires pour les enfants qui…',272,83),(381,'Poussin',272,73),(382,'Prout de pompier',272,295),(383,'Rosie Pink',272,142),(384,'Royaume de minuit (le)',272,109),(385,'Sages Apalants (les)',272,1030),(386,'Sylvain de Sylvanie',272,142),(387,'Tangapico',272,142),(388,'Trésors surprises',272,1087),(389,'Tu seras ma princesse',272,316),(390,'Tyranno petite sœur',272,73),(391,'\"Un ours, des ours\"',272,211),(392,'Un papa sur mesure',272,73),(393,'Vert secret',272,109),(394,'Vide-grenier',272,73),(395,'\"Viens, on va chercher un poème\"',272,436),(396,'\"Viens, on va chercher un poème\"',272,436),(397,'Vingt poèmes au nez pointu',272,1145),(398,'C\'est bien ! C\'est affreux !',271,300),(399,'Contes d\'Orient',271,385),(400,'Mais qui a craché sur la maison du hérisson ?',271,26),(401,'Mari de la mante religieuse a disparu (le)',271,26),(402,'Norig et l\'or de l\'île',271,98),(403,'Route 66',271,226),(404,'Ah ! Quelle soupe les amis !',269,79),(405,'Arbre qui pense (l\')',269,134),(406,'Au Jardin des plantes',269,156),(407,'Bateau la terre (le)',269,198),(408,'\"Bébé lézard, bébé bizarre\"',269,204),(409,'Bêtes noires ont bon dos (les)',269,79),(410,'Bille d\'Idriss (la)',269,219),(411,'Bon appétit',269,228),(412,'\"Bon voyage, petit bisou !\"',269,231),(413,'Bonheur (le)',269,232),(414,'Ça fait rire les poètes',269,268),(415,'Ceci est un poème qui guérit les poissons',269,45),(416,'Ceci est un poème qui guérit les poissons',269,45),(417,'Cœur de hibou',269,351),(418,'Comment un livre vient au monde',269,79),(419,'Comptine',269,365),(420,'Conte de fée',269,370),(421,'Contes de l’olivier',269,378),(422,'Cour couleurs (la)',269,268),(423,'Crocodile (le)',269,406),(424,'Dans combien de temps je serai grand ?',269,252),(425,'Dans Paris il y a...',269,422),(426,'Danse de la pluie (la)',269,423),(427,'\"Danse, petite lune !\"',269,425),(428,'De la terre et du ciel',269,74),(429,'Devinettes et caramboles',269,463),(430,'Diamant du sultan (le)',269,378),(431,'Dis-moi un poème qui espère',269,469),(432,'Drôle de nuit',269,488),(433,'\"Encore une histoire, maman !\"',269,509),(434,'Enfant qu\'on envoie se coucher (l\')',269,511),(435,'Envolée',269,252),(436,'Et Picasso peint Guernica',269,79),(437,'Fabuleux fablier (le)',269,268),(438,'Fabuleux farfelus vont au travail (les)',269,530),(439,'Famille totem 1 (la)',269,79),(440,'Folle journée de Nasreddin Hodja (la)',269,548),(441,'Français est un poème qui voyage (le)',269,268),(442,'Globe (le)',269,566),(443,'Grand livre du jeune citoyen (le)',269,574),(444,'Hans le balourd',269,294),(445,'Hareng saur (le)',269,597),(446,'Histoire du renard qui n\'avait plus toute sa tête (l\')',269,606),(447,'Hommes en sucre (les)',269,74),(448,'Il faut une fleur',269,74),(449,'Il pleut des poèmes',269,268),(450,'J\'ai le droit d\'être un enfant',269,79),(451,'J\'ai oublié ma poésie',269,79),(452,'\"Je l\'attends, je l\'attends\"',269,208),(453,'Je ne suis plus un bébé',269,649),(454,'\"Je rêve le monde, assis sur un vieux crocodile\"',269,6),(455,'Je suis un enfant de partout',269,6),(456,'Je vous aime tant',269,79),(457,'\"Kouaba, le village en sursis\"',269,678),(458,'Léger comme un flocon',269,6),(459,'Livre des moi (le)',269,79),(460,'Loup et la petite fille (le)',269,708),(461,'Ma maison bleue',269,79),(462,'Machin Truc Chouette',269,105),(463,'Madame Cerise et le trésor des pies',269,530),(464,'Maison (la)',269,729),(465,'Malala',269,214),(466,'Maman',269,678),(467,'\"Mandela, l\'Africain multicolore\"',269,79),(468,'\"Martin et Rosa, ensemble pour l\'égalité\"',269,214),(469,'Maudite soit la guerre',269,750),(470,'\"Missak, l\'enfant de l\'Affiche rouge\"',269,750),(471,'\"Moi, j\'adore la pluie !\"',269,783),(472,'Mouche qui lit (la)',269,45),(473,'Non',269,767),(474,'Ogre (l\')',269,845),(475,'Oiseau bleu (l\')',269,847),(476,'Oiseau de Mona (l\')',269,849),(477,'\"Oiseaux ont des ailes, les enfants... (les)\"',269,79),(478,'On lit trop dans ce pays',269,712),(479,'On peut se tromper',269,861),(480,'Onomatopée (l\')',269,152),(481,'\"Pain, beurre et chocolat\"',269,79),(482,'Partir',269,881),(483,'Pélican (le)',269,885),(484,'\"Perruche, l\'iroko et le chasseur (la)\"',269,889),(485,'Petit musée du bleu (le)',269,83),(486,'Petite bête qui monte (la)',269,912),(487,'Peut-être que le monde…',269,79),(488,'Pitchou',269,51),(489,'Poèmes ont des oreilles (les)',269,268),(490,'Poisson et chat',269,957),(491,'Poules et poulets',269,468),(492,'Première année sur la terre',269,79),(493,'Quand nous aurons mangé la planète',269,79),(494,'Qui voilà ?',269,47),(495,'Qu\'y a-t-il dedans ?',269,812),(496,'Roi des trois Orients (Le)',269,542),(497,'Singe (le)',269,73),(498,'Souris qui sauva toute une montagne (la)',269,79),(499,'Sous la lune poussent les haïkus',269,1055),(500,'Sous le grand banian',269,191),(501,'Terrible',269,79),(502,'T\'es fleur ou t\'es chou ?',269,1071),(503,'Ti Poucet',269,252),(504,'Tour de France multicolore des contes',269,378),(505,'Tour de terre en poésie',269,268),(506,'Tour du monde des contes (le)',269,378),(507,'Tu habites où ?',269,1098),(508,'Tu voyages comment ?',269,1098),(509,'Un boeuf de Chine',269,1107),(510,'Un fruit rouge',269,1113),(511,'Un poisson d\'Avril',269,447),(512,'Une baleine dans mon jardin',269,268),(513,'Ville aux cent poèmes (la)',269,79),(514,'Vitamine P (la)',269,45),(515,'Retour de Papy Frioul (le)',268,1019),(516,'10 petits doigts',267,11),(517,'1er c\'est canard (le)',267,21),(518,'A la pêche à la sardine',267,11),(519,'Adieu croquettes ! Adieu caresses !',267,72),(520,'Ange ou démon',267,110),(521,'Ascension de Saussure (l\')',267,141),(522,'Au bout du compte',267,151),(523,'Au panier !',267,153),(524,'Au petit bonheur la chance',267,161),(525,'Avant d\'être un bébé',267,176),(526,'Bientôt',267,153),(527,'Boucle d\'or et les trois ours',267,21),(528,'Capitaine',267,21),(529,'Caresse du papillon (la)',267,286),(530,'Catsou',267,287),(531,'C\'est pas ma faute',267,286),(532,'Ceux qui n\'aiment pas lire',267,72),(533,'Chat (le)',267,174),(534,'Choco',267,339),(535,'Comme chaque matin',267,286),(536,'Comment ça va ?',267,233),(537,'Comment j\'ai connu Papa',267,358),(538,'Couleurs à sensation',267,399),(539,'Cri (le)',267,153),(540,'Dans 3500 mercredis',267,161),(541,'Défilé (le)',267,21),(542,'D\'où viens-tu Petit-Sabre ?',267,481),(543,'Ecole du soir (l\')',267,212),(544,'Enfance de l\'art (l\')',267,212),(545,'Esquimau',267,21),(546,'Fait pour ça',267,151),(547,'Famille Citron (la)',267,21),(548,'Fourmi',267,21),(549,'Frères Moustaches (les)',267,319),(550,'Globiboulga',267,286),(551,'Gros mots (les)',267,11),(552,'Heu-reux',267,286),(553,'\"J\'aime, j\'aime pas\"',267,638),(554,'Jeu de cette famille (le)',267,161),(555,'Jojo la mâche',267,21),(556,'Langage des contes (le)',267,212),(557,'\"Littérature de jeunesse, une littérature de son temps (la)\"',267,6),(558,'Loup',267,21),(559,'Loupé !',267,286),(560,'Luchien',267,21),(561,'Lune et l\'autre',267,714),(562,'Maison de Couci-couça (la)',267,212),(563,'Maître de tout (le)',267,734),(564,'Mamie Marie',267,740),(565,'Maths à la petite semaine',267,72),(566,'Mauvais perdants (les)',267,21),(567,'Métier de Papa (le)',267,72),(568,'Mille-pattes (le)',267,91),(569,'Minute papillon',267,555),(570,'Misto tiempo',267,21),(571,'Môme aux oiseaux (la)',267,153),(572,'Navratil',267,21),(573,'New York en pyjamarama',267,827),(574,'Nioui et Ninon',267,161),(575,'Nous les hommes !',267,286),(576,'Où li bou ni che ?',267,866),(577,'Paris en pyjamarama',267,827),(578,'Pas',267,233),(579,'Petit fiston',267,212),(580,'Petite lune',267,212),(581,'Princesse charmante',267,977),(582,'Quel bazar !',267,286),(583,'Reviens !',267,21),(584,'Rire des baleines (le)',267,72),(585,'Roi du silence (le)',267,161),(586,'Salut',267,1035),(587,'Teckel',267,21),(588,'Top Model',267,151),(589,'Toujours rien ?',267,286),(590,'Tout doux',267,737),(591,'Trois petits pois',267,1093),(592,'Trou (le)',267,161),(593,'\"Une histoire pas terrible, terrible\"',267,612),(594,'Valise (la)',267,339),(595,'Vie rêvée (la)',267,1143),(596,'Voyage de Couci-Couça (le)',267,212),(597,'Mer et lui (la)',266,151),(598,'Voyage d\'Aquilon (le)',265,444),(599,'Psychanalyse des contes de fées',264,982),(600,'Comment élever son papa',263,227),(601,'Mamie m\'a dit que son amie Yvette…',263,227),(602,'Papa et maman m\'ont dit',263,227),(603,'Papa n\'a pas le temps',263,75),(604,'Liu Chan et la carpe sacrée',262,24),(605,'Oscar fait un vœu',262,864),(606,'Tour (la)',261,1077),(607,'\"Afrique, petit Chaka…(l\')\"',260,13),(608,'Ah !',260,77),(609,'Mon petit Picasso',260,13),(610,'V comme Van Gogh',260,13),(611,'Arcimboldo',259,137),(612,'Au pays du Jabouti',259,160),(613,'M comme Matisse',259,13),(614,'Matisse',259,137),(615,'Oh !',259,77),(616,'Picasso',259,935),(617,'Poisson bleu de Monsieur Chagall… (le)',259,956),(618,'Van Gogh',259,1137),(619,'Là-bas',258,680),(620,'Bal des sorcières (le)',257,189),(621,'Courageux petit tailleur (le)',257,129),(622,'Panique dans la mythologie',257,877),(623,'Plus affreuse des sorcières (la)',257,239),(624,'Tihtiyas et Jean',256,1074),(625,'\"Même pas peur, César !\"',255,763),(626,'Des enfants se rencontrent par la poésie',254,435),(627,'Fontaine des gazelles (la)',253,549),(628,'Pierre n\'a plus peur du noir',252,937),(629,'Suzanne préfère le rouge',252,937),(630,'Une aventure de Violette Mirgue',252,1124),(631,'Rêve d\'Oscar (le)',251,28),(632,'Comme un sourire qui flotte',250,244),(633,'Mamie voyage',250,741),(634,'Mon ami',250,211),(635,'Tête dans les nuages (la)',250,741),(636,'3 petites culottes',249,28),(637,'Aquarium',249,127),(638,'Bou et les trois zours',249,247),(639,'Lire l\'album',249,86),(640,'On dit',249,858),(641,'Zutécrotte et autres monstres... (le)',249,1162),(642,'Chauve souris (la)',248,330),(643,'\"Moi, j\'attendais la pluie\"',248,784),(644,'Oh !',248,252),(645,'Oulala !',248,255),(646,'Ronds ronds',248,255),(647,'Tous sauf un',248,396),(648,'Un secret tout rond',248,396),(649,'Coâ encore!',247,347),(650,'Petite poule qui voulait voir la mer (la)',246,919),(651,'Ecole qui n\'existait pas (l\')',245,315),(652,'Chat chapeauté (le)',244,323),(653,'Je redessinerai le ciel bleu dans tes yeux',244,651),(654,'Même pas peur de la Sorcière',244,486),(655,'Même pas peur du loup',244,486),(656,'Même pas peur du noir',244,486),(657,'Petite poule qui voulait voir la mer (la)',244,919),(658,'Un poulailler dans les étoiles',244,919),(659,'Sauve qui poule',243,919),(660,'Grammaire est une chanson douce (la)',242,571),(661,'Jaune',241,644),(662,'Histoires d\'ailleurs et de jamais',239,607),(663,'A qui est ce vélo ?',237,52),(664,'Akiko la courageuse',237,82),(665,'Akiko la curieuse',237,82),(666,'Akiko l\'amoureuse',237,82),(667,'Arbre mime le vent pour plaire à ses feuilles (l’)',237,133),(668,'Hibou chez les nounours',237,506),(669,'Il neige !',237,616),(670,'Liu et l\'oiseau',237,700),(671,'Maison du poète (la)',237,733),(672,'Mini-contes pour enfants pointus',237,733),(673,'Mô et le Maître du temps',237,13),(674,'Petit chaperon chinois (le)',237,13),(675,'Petite musique du Jour',237,733),(676,'Poèmes à poils et à plumes',237,24),(677,'Un goûter au Mont Fuji',237,1114),(678,'Déserteur (le)',236,447),(679,'S\'unir c\'est se mélanger',235,1060),(680,'\"S\'unir, c\'est se relayer !\"',235,1060),(681,'\"Brown bear, brown bear, what do you see ?\"',234,259),(682,'Where\'s Spot ?',234,241),(683,'Poésie et humour',233,6),(684,'\"Moi, je n\'ai peur de rien\"',232,786),(685,'Fourmi et le loup (la)',231,144),(686,'Petit Guili (le)',231,159),(687,'Promesse de l\'ogre (la)',231,103),(688,'Dans la lune',230,415),(689,'\"Des bébés, des livres\"',229,6),(690,'Fils de Victor qui pète (le)',228,544),(691,'Code de l\'art (le)',227,350),(692,'Grand imagier de l\'art (le)',227,573),(693,'Nuit tous les chats sont verts (la)',227,839),(694,'Petites comptines des animaux',227,924),(695,'Une journée chez bébé',227,924),(696,'Carnavalphabet',224,98),(697,'Cavaliers de mars (les)',224,288),(698,'Dégoûtant !',224,82),(699,'Litli',224,436),(700,'Même les princesses pètent',224,761),(701,'Noël pour tous !',224,82),(702,'Banzaï Sakura',223,196),(703,'Bracelet de cristal (le)',223,254),(704,'Source miraculeuse (la)',223,1053),(705,'\"Je ne te crains plus, Alycia !\"',222,650),(706,'Un figuier venu d\'ailleurs',222,650),(707,'Coq mange-noix (le)',221,392),(708,'Petit point',220,903),(709,'Cœur de bois',219,153),(710,'Rue qui ne se traverse pas (la)',219,153),(711,'Prince Grenouille (le)',218,411),(712,'Princesse au petit pois (la)',218,294),(713,'Tante Amélie',218,1068),(714,'Petit arbre qui chantait (le)',217,396),(715,'10 tableaux et un ballon rouge',216,13),(716,'100 poèmes pour les enfants de 3 à 6 ans',216,15),(717,'Arts primitifs entrée libre',216,13),(718,'Azur et Asmar',216,185),(719,'\"Bonne nuit, Spot ?\"',216,241),(720,'Cache-cache des grosses bêtes',216,274),(721,'Cache-cache des petites bêtes',216,275),(722,'Cerf-volant de Toshiro (le)',216,98),(723,'Chat trop gourmand et le perroquet (le)',216,182),(724,'Châteaux forts (les)',216,329),(725,'Chère madame ma grand-mère',216,97),(726,'Clé à molette (la)',216,68),(727,'Contes et légendes de la mythologie',216,242),(728,'Crocodébile',216,243),(729,'Dans le ventre du cheval de Troie',216,129),(730,'Dinosaures (les)',216,466),(731,'Duracuire (les)',216,493),(732,'Fantôme à la main rouge (le)',216,129),(733,'Félix le chien',216,537),(734,'Grande famille (la)',216,582),(735,'Hercule et l\'hydre de Lerne',216,129),(736,'Icare et les conquérants du ciel',216,6),(737,'Il y avait une fois',216,444),(738,'Impressionnisme entrée libre',216,13),(739,'Kangourou d\'Ooz (le)',216,403),(740,'Laissez-moi tranquille...',216,582),(741,'Mademoiselle Zazie veut un bébé',216,243),(742,'Max et les poissons',216,752),(743,'Mes 10 premiers tableaux',216,13),(744,'On se cache ?',216,275),(745,'\"Où est Spot, mon petit chien ?\"',216,241),(746,'Papa à grands pas',216,396),(747,'Petit chacal et le crocodile (le)',216,182),(748,'Petit trou dans une pomme (le)',216,6),(749,'Petite taupe qui n\'osait pas sortir (la)',216,396),(750,'Petites comptines à mimer',216,6),(751,'Pirates des sept mers',216,944),(752,'Pirates en vue !',216,945),(753,'Poésie entrée libre',216,13),(754,'Quatrième fille du Dr Klein (la)',216,97),(755,'Qui veut le cœur d\'Artie Show ?',216,1004),(756,'Regarde dans la nuit',216,1010),(757,'Regarde dans l\'herbe',216,275),(758,'Retour d\'Archibald (le)',216,105),(759,'Soir de rage',216,105),(760,'Terriblement vert !',216,105),(761,'\"Un, deux, trois… la grenouille c\'est moi\"',216,1122),(762,'Vacances de Calamity Mamie (les)',216,1134),(763,'Violette dans le noir',216,105),(764,'Voleur invisible (le)',216,650),(765,'365 pingouins',215,12),(766,'Vues d\'ici',215,418),(767,'Mes souliers rouges',214,94),(768,'\"Miam, drôle de recettes\"',214,770),(769,'Bêtes curieuses (les)',213,211),(770,'Enfants de la lune et du soleil (les)',213,211),(771,'Jamais',213,639),(772,'Marchand de sable n\'a plus de sable (le)',213,211),(773,'Mo-Mo',213,789),(774,'\"Nasr Eddin Hodja, un drôle d\'idiot\"',213,822),(775,'Poèmes sans queue ni tête',213,228),(776,'Rap des rats (le)',213,1005),(777,'Rouge !',213,2),(778,'Sous-marin de papier (le)',213,1057),(779,'Tête dans les nuages (la)',213,211),(780,'Un éléphant au paradis',213,1111),(781,'Un jardin sur le bout de la langue',213,1115),(782,'Un rêve sans faim',213,211),(783,'Une vache dans ma chambre',213,1132),(784,'Zéro pour Zorro',213,211),(785,'Tout petit tu lis N°6',212,6),(786,'Crime caramels',211,403),(787,'Moinillon et la Yama Ouba (le)',211,787),(788,'Petit Cépou (le)',211,892),(789,'Petit Napperon rouge (le)',211,901),(790,'Quatre loups (les)',211,373),(791,'Rat célibataire (le)',211,519),(792,'Soupe au caillou (la)',211,1052),(793,'\"Zélig, grand explorateur\"',211,1160),(794,'Alphabet',210,95),(795,'Aujourd\'hui je suis…',210,168),(796,'Aujourd\'hui on va…',210,170),(797,'Bonnet Rouge (le)',210,245),(798,'Caméléon arc-en-ciel (le)',210,284),(799,'Couleurs couleurs',210,95),(800,'Est-ce que tu m\'aimeras encore ?',210,436),(801,'Gribouille en vadrouille',210,591),(802,'\"Hier, je t\'ai…\"',210,168),(803,'Iris des abysses',210,632),(804,'Musiciens de la ville de Brême (les)',210,411),(805,'\"Parfois, j\'ai envie…\"',210,168),(806,'Petit roi des fleurs (le)',210,95),(807,'Qui se cache là-dessous ?',210,284),(808,'Qui se cache sous les fleurs ?',210,284),(809,'Complot de Mortefeuille (le)',209,363),(810,'Roi Cheval (le)',209,307),(811,'Mystère au palais',208,98),(812,'Un tableau trop bavard',208,43),(813,'\"Amani, faiseur de pluie\"',207,98),(814,'Boucle d\'or',207,250),(815,'C\'est bien la moindre des choses',207,266),(816,'C\'est ta faute !',207,307),(817,'Contes de Provence',207,193),(818,'De la petite taupe qui voulait savoir…',207,426),(819,'Dis-moi si tu m\'aimes',207,468),(820,'Génie du pousse-pousse (le)',207,565),(821,'Girafe de la lune (la)',207,315),(822,'Histoire du Grand Méchant Poulet',207,131),(823,'Il me rend chèvre',207,89),(824,'Il ne faut pas faire pipi sur son ombre',207,456),(825,'Jamais content',207,640),(826,'Je veux mon chapeau',207,291),(827,'Je veux qu\'on m\'aime',207,591),(828,'Livre des petits pourquoi (le)',207,98),(829,'Livre des peut-être (le)',207,98),(830,'Loup et les sept chevreaux (le)',207,710),(831,'Méli-mélo',207,758),(832,'Méli-mélo à la ferme',207,758),(833,'Mille ans de frissons',207,6),(834,'Monde selon moi (le)',207,785),(835,'Parapluie de Madame Hô (Le)',207,303),(836,'Peintures pressées',207,43),(837,'Père Noël (Histoires à raconter…)',207,6),(838,'\"Père Noël, es-tu là ?\"',207,886),(839,'Persée et Méduse',207,643),(840,'Petit soleil',207,908),(841,'Petit voleur (le)',207,266),(842,'Petit voleur (le)',207,266),(843,'Pistolet d\'Odilon (le)',207,486),(844,'Plus beaux contes de Toboggan (les)',207,6),(845,'Poussez pas',207,758),(846,'Pressé ? Pas si pressé !',207,43),(847,'Rouge Matou',207,516),(848,'Sandwich de mammouth (le)',207,24),(849,'Si tous les éléphants s\'appelaient Bertrand',207,266),(850,'Sur le chemin',207,758),(851,'Tomaso et les trois ogresses',207,43),(852,'Trois petits cochons (les)',207,611),(853,'Un bon petit loup',207,1109),(854,'Vie sexuelle des libellules (la)',207,43),(855,'Apprendre à lire : échec à l\'échec',206,124),(856,'10 contes d\'Afrique',205,7),(857,'\"A la lettre, un alphabet poétique\"',205,43),(858,'A mots croisés',205,43),(859,'Amanda chocolat',205,43),(860,'Animaux d\'Afrique (les)',205,113),(861,'Anneau de jade (l\')',205,118),(862,'Asticots',205,43),(863,'Aventures de Tom Pouce (les)',205,183),(864,'Baguette magique de Pélagie (la)',205,188),(865,'Bouche pleine (la)',205,43),(866,'Brindille',205,257),(867,'C P Ça veut dire quoi ?',205,266),(868,'Ça se peut ou ça se peut pas ?',205,266),(869,'Ce n\'est pas mon chapeau',205,291),(870,'C\'est ma maison',205,304),(871,'Contes d\'Afrique pour les tout-petits',205,7),(872,'Contes et musiques d\'Afrique',205,7),(873,'Contes traditionnels de Provence',205,193),(874,'Course (la)',205,266),(875,'Danger : enfants pas sages',205,43),(876,'Dans la poche de ma maman',205,289),(877,'Dans la poche ma maman',205,289),(878,'Des mots plein les poches',205,441),(879,'Encore des histoires minute',205,43),(880,'Enfant et la baleine (l\')',205,510),(881,'Etoile d\'Erika (l\')',205,526),(882,'Ferme (la)',205,539),(883,'Flic flac scratch boum',205,211),(884,'Grands explorateurs (les)',205,589),(885,'Histoires de géants et de cyclopes',205,6),(886,'Histoires minutes',205,43),(887,'Histoires pressées',205,43),(888,'Il était un petit navire',205,611),(889,'Il y a quelqu\'un sous mon lit',205,617),(890,'Imagier toc-toc (l\')',205,266),(891,'Jason et la Toison d\'or',205,643),(892,'\"Je t\'aime, je t\'aime, je t\'aime\"',205,43),(893,'Je veux ma photo dans le journal',205,655),(894,'Kirikou et la hyène noire',205,185),(895,'Kirikou et la sorcière',205,185),(896,'Kirikou et le buffle aux cornes d\'or',205,185),(897,'Livre des Si (le)',205,98),(898,'Loup gris',205,711),(899,'Masque de brumes (le)',205,193),(900,'\"Merci, le vent\"',205,266),(901,'Mille ans de contes (Classique)',205,6),(902,'Mille ans de contes (Mer)',205,6),(903,'Mille milliards de pirates',205,655),(904,'\"Moi Félix, 10 ans, sans papiers\"',205,780),(905,'\"Moi, Papa ours ?\"',205,474),(906,'\"Mon premier tour du monde, l\'atlas des 5-8 ans\"',205,801),(907,'Mouton farceur (le)',205,817),(908,'Mowgli',205,359),(909,'Noir (le)',205,831),(910,'Nouvelles histoires minute',205,43),(911,'Ogresse en pleurs (l\')',205,846),(912,'Ouf !',205,98),(913,'Passion et Patience',205,257),(914,'Pélagie la sorcière',205,188),(915,'Petit chaperon rouge (le)',205,223),(916,'Petit curieux (le)',205,266),(917,'Petit Dino veut tout faire tout seul',205,895),(918,'\"Petit homme qui monte, qui monte...(le)\"',205,562),(919,'Petit Poucet (le)',205,905),(920,'Pieuvre bricole (la)',205,674),(921,'Pingouin qui avait froid (le)',205,304),(922,'Plus grand détective du monde (le)',205,949),(923,'Poule qui pond des patates (la)',205,24),(924,'Pourquoi ? Parce que je t\'aime',205,289),(925,'Premiers poèmes pour toute ma vie',205,468),(926,'\"Pressé, pressée\"',205,43),(927,'P\'tites bêtes (les)',205,539),(928,'Quelle panique!',205,129),(929,'Qui ou quoi ?',205,758),(930,'Qui suis-je ?',205,43),(931,'\"Qui, que, quand, quoi la poésie\"',205,468),(932,'Raoul Taffin chasseur de mammouth',205,655),(933,'Remue-ménage chez Madame K',205,474),(934,'Roule ma poule',205,266),(935,'Sables émouvants',205,244),(936,'\"Sanji, le voleur d\'odeurs\"',205,1036),(937,'Sara et le clown',205,1037),(938,'Secret de Kasimo (le)',205,303),(939,'Si le loup y était',205,31),(940,'SOS petit peureux',205,1051),(941,'Sur mon fil',205,358),(942,'Tibert et Romuald',205,131),(943,'\"Toc, toc, Monsieur Croc !\"',205,1075),(944,'Tous pressés',205,43),(945,'Tout ce qu\'il faut savoir sur les méchants',205,1080),(946,'Tout pour ma pomme',205,266),(947,'Un ami rien qu\'à moi',205,1102),(948,'\"Un jour, deux ours\"',205,98),(949,'Un truc sur un machin',205,43),(950,'Un vrai livre',205,266),(951,'Suis-je… un chat ?',204,1059),(952,'Suis-je… un escargot ?',204,1059),(953,'Suis-je… une grenouille ?',204,1059),(954,'Suis-je… une souris ?',204,1059),(955,'Des images et des mots',203,438),(956,'Araignée qui ne perd pas son temps (l\')',202,128),(957,'Caméléon méli-mélo (le)',202,128),(958,'Ce livre est rempli de monstres',202,289),(959,'Chenille qui fait des trous (la)',202,128),(960,'Chenille qui fait des trous (la)',202,128),(961,'Coccinelle mal lunée',202,128),(962,'Contes glacés',202,389),(963,'Memo 657',202,764),(964,'\"Ours brun, dis-moi...\"',202,259),(965,'\"Ours brun, ours brun, dis-moi ce que tu vois ?\"',202,259),(966,'Petit poisson blanc',202,289),(967,'Petit poisson blanc devient grand',202,289),(968,'\"Petite souris, la fraise... (la)\"',202,921),(969,'Quand je serai grand…',202,987),(970,'Soupe au caillou (la)',202,654),(971,'Souris qui cherche un ami (la)',202,128),(972,'Lumières d\'enfance',201,712),(973,'Poésie arabo-andalouse',200,954),(974,'Haut les mains !',199,598),(975,'\"1,2,3 banquise\"',198,2),(976,'Aventures de la petite souris (les)',198,182),(977,'Bon voyage petite goutte',198,230),(978,'Bonjour les animaux',198,230),(979,'Ce livre-là',198,169),(980,'Ce matin',198,290),(981,'C\'est l\'histoire',198,230),(982,'Chaises (les)',198,312),(983,'Chat noir chat blanc',198,146),(984,'Chez un père crocodile',198,169),(985,'Cinq amis',198,290),(986,'Comment tout a commencé',198,361),(987,'Dans la boîte',198,412),(988,'Dessine-moi une lettre',198,449),(989,'Ding dang dong',198,339),(990,'Disparition (la)',198,471),(991,'Eliott et Nestor',198,498),(992,'En t\'attendant',198,507),(993,'Et le matin…',198,230),(994,'Et le soir...',198,230),(995,'Et moi dans tout ça ?',198,169),(996,'Heureusement',198,602),(997,'J\'ai grandi ici',198,230),(998,'Je ne suis pas comme les autres',198,267),(999,'Jouets des champs',198,230),(1000,'\"Jours, les mois et les saisons (les)\"',198,146),(1001,'Jusqu\'en haut',198,507),(1002,'Lapin mon lapin',198,169),(1003,'Lucy',198,21),(1004,'Maintenant que tu sais',198,230),(1005,'Mercredi',198,449),(1006,'\"Mitsu, unjour parfait\"',198,498),(1007,'\"Moi, j\'ai peur du loup\"',198,507),(1008,'Mon bison',198,793),(1009,'Mon chagrin',198,169),(1010,'Mon chagrin',198,169),(1011,'\"Neige, le blanc et les couleurs\"',198,507),(1012,'Nimbo',198,21),(1013,'\"Nour, le moment venu\"',198,498),(1014,'Où est qui ?',198,602),(1015,'Pas le temps',198,230),(1016,'Petit à petit',198,507),(1017,'Petite poule rousse (la)',198,182),(1018,'Plic ploc banquise',198,146),(1019,'Poule bleue',198,146),(1020,'Premier printemps',198,230),(1021,'Promenade des canards (la)',198,146),(1022,'Quand les grands se fâchent',198,169),(1023,'Qui a mangé ?',198,230),(1024,'\"Qui es-tu, que fais-tu ?\"',198,1002),(1025,'Raymond rêve',198,230),(1026,'Super 8',198,21),(1027,'Surprise (la)',198,1066),(1028,'Ton cauchemar',198,169),(1029,'Un câlin',198,169),(1030,'Un pull pour te protéger',198,169),(1031,'Une et l\'autre (l\')',198,230),(1032,'Une nuit où je me sentais seule',198,1077),(1033,'Vert tamanoir',198,267),(1034,'Ane et la vache (l\')',197,106),(1035,'Devine',197,459),(1036,'Maison de Lalla Chama',197,106),(1037,'Pourquoi le rossignol chante la nuit',197,459),(1038,'Grand méchant catalogue des loups (le)',196,577),(1039,'Cette nuit-là',195,257),(1040,'Chedid (le)',195,152),(1041,'\"Moi, je ne veux plus de bisous !\"',195,231),(1042,'Mon papa et moi',195,797),(1043,'Oizochat (l\')',195,257),(1044,'Petit tigre (le)',195,129),(1045,'\"Roulis, rouleaux\"',195,1028),(1046,'Trois jours en plus',195,257),(1047,'Arbre (l\')',194,129),(1048,'Paul Fort (le)',194,232),(1049,'Petit singe (le)',194,129),(1050,'Poésie africaine (la)',194,953),(1051,'Poésie algérienne (la)',194,6),(1052,'René Char (le)',194,1017),(1053,'Tardieu (le)',194,365),(1054,'Tout un tas de loups',194,257),(1055,'Géant',193,562),(1056,'Pinceau magique (le)',193,940),(1057,'Silence complice',193,650),(1058,'Grande Rivière (la)',192,584),(1059,'Hansel et Gretel',192,36),(1060,'\"Littérature de jeunesse, itinéraires... (la)\"',192,698),(1061,'Nouvelles à chute',192,6),(1062,'Pilleurs de cèdres (les)',192,650),(1063,'Rodéo à Ascou',192,650),(1064,'\"Alpahabêtise, alphabêta\"',190,93),(1065,'Ballade en tête',190,193),(1066,'Fabuleux voyage du bateau-cerf (le)',190,531),(1067,'Légende du Chien Noir (la)',190,685),(1068,'Lo - Fou',190,706),(1069,'On déménage !',190,2),(1070,'\"Peter, le chat debout\"',190,891),(1071,'Plus belle crotte du monde (la)',190,947),(1072,'Suzie est la seule',190,707),(1073,'Cendrillon',189,223),(1074,'Comptines pour se régaler',189,6),(1075,'Joanie et l\'avion qui vole',189,288),(1076,'Ma grand mère est une catastrophe',189,315),(1077,'Petite mare du grand crocodile (la)',189,918),(1078,'Yoyo. J\'ai perdu mon doudou',189,233),(1079,'Yoyo. Je m\'appelle Yoyo',189,233),(1080,'\"Au boulot, Jojo !\"',188,149),(1081,'Chavola (la)',187,331),(1082,'Diakhere',186,464),(1083,'Gros mensonge (le)',186,385),(1084,'Jeune fille muette (la)',186,659),(1085,'Pour une mouche',186,968),(1086,'\"Aldo, un garçon tout en finesse\"',185,87),(1087,'Dans le ciel il y a…',183,417),(1088,'Huit saisons et des poussières',183,358),(1089,'\"1,2,3,Gym !\"',182,4),(1090,'ABCD',182,60),(1091,'Brica da brac !',182,4),(1092,'Compte sur tes doigts !',182,364),(1093,'Corolles',182,394),(1094,'Devine',182,364),(1095,'Françoise et le petit diable',182,95),(1096,'Imagier des saisons',182,302),(1097,'Imagier pour jouer',182,625),(1098,'Invitation (l\')',182,95),(1099,'Jardin des papillons (le)',182,394),(1100,'Maisons des animaux (les)',182,394),(1101,'Mon arbre à secrets',182,791),(1102,'Nacéo',182,302),(1103,'Oxiseau',182,302),(1104,'Paysajeux',182,60),(1105,'Petite tache',182,882),(1106,'Plus beau des cadeaux (le)',182,882),(1107,'Prendre et donner',182,972),(1108,'Promenade de Petit Bonhomme (la)',182,979),(1109,'Robots n\'aiment pas l\'eau (les)',182,394),(1110,'Tiens !',182,959),(1111,'Tout au fond',182,394),(1112,'Abris',181,66),(1113,'\"Amour, Beauté et Crottes de nez\"',181,104),(1114,'Coco bagarre',181,349),(1115,'Dans le détail',181,234),(1116,'Didgeridoo',181,226),(1117,'Ephémère',181,226),(1118,'Héros de la mythologie grecque',181,600),(1119,'Kidnapping au village des crottes de nez',181,104),(1120,'Maman de la maman de mon papa (la)',181,737),(1121,'Mimi commande',181,349),(1122,'Mister Black',181,777),(1123,'Oiseaux (les)',181,852),(1124,'Olive et Léandre',181,319),(1125,'Ottoki',181,226),(1126,'Ouin-ouin chagrin',181,349),(1127,'Panique au village des crottes de nez !',181,876),(1128,'Princesse caca',181,349),(1129,'Santa Fruta',181,781),(1130,'Till l\'espiègle et les tricheurs',181,570),(1131,'Une super histoire de cow-boy',181,781),(1132,'Vie des gens (la)',181,990),(1133,'Yasuke',181,226),(1134,'Alpha bestiaire (L’)',180,94),(1135,'Auteurs et illustrateurs dans la cité',179,6),(1136,'\"Pourquoi écrire, illustrer pour la jeunesse ?\"',179,6),(1137,'Histoires du soir pour filles rebelles',178,610),(1138,'Dans la jungle amazonienne',177,414),(1139,'Mon ami invisible',177,790),(1140,'\"Petite truie, le vélo et la lune (la)\"',177,922),(1141,'Toute la lumière sur l\'obscurité',177,1084),(1142,'Voyage en Amnésie',177,1152),(1143,'Super beige',176,292),(1144,'Jour où j\'ai déménagé (le)',175,669),(1145,'Neuf reines (les)',175,669),(1146,'\"Mama miti, la mère des arbres\"',174,736),(1147,'Jeune homme et l\'étoile (le)',173,660),(1148,'Promenade au bord de l\'eau',173,819),(1149,'Sorcière Camomille à Paris (la)',173,1049),(1150,'Trois chats',173,819),(1151,'Yuki et les mille porteurs',173,1155),(1152,'Louba M\'ba',172,707),(1153,'Croqueurs de mots (les)',171,211),(1154,'En poème ce monde',171,506),(1155,'Chaises (les)',170,214),(1156,'\"Mu\'allaga, un poème suspendu\"',170,818),(1157,'Poèmes pour affronter le beau temps',170,951),(1158,'Poèmes sur un fil',170,952),(1159,'Cafard (le)',169,68),(1160,'Chauve-souris (la)',169,68),(1161,'Contes de Berbérie',168,376),(1162,'Je t\'aime du bout du monde',168,653),(1163,'Marchand de bisous (le)',167,288),(1164,'Oreiller aux oiseaux (l\')',167,288),(1165,'Blancheneige',166,224),(1166,'Empereur et le cerf-volant (l\')',166,503),(1167,'Fille qui aimait les chevaux sauvages (la)',166,543),(1168,'Fils du soleil',166,545),(1169,'Joseph avait un petit manteau',166,665),(1170,'Lion et la souris (le)',166,695),(1171,'Maison dans la nuit (la)',166,730),(1172,'Monsieur Chat !',166,804),(1173,'Perdrix (les)',166,612),(1174,'Que faites-vous avec ça ?',166,992),(1175,'Roi-grenouille ou Henri-le-Ferré (le)',166,411),(1176,'Secret du chat (le)',166,62),(1177,'Un ami très cool',166,1103),(1178,'Zoo des couleurs (le)',166,1161),(1179,'Animalimages',165,112),(1180,'Cheval de craie (le)',165,335),(1181,'Des étoiles sur les genoux',165,436),(1182,'Maélo',165,724),(1183,'Oiseau de nulle part (l\')',165,335),(1184,'Où qu\'on va après ?',165,867),(1185,'Où qu\'on va après ?',165,867),(1186,'En toutes circonstances',164,508),(1187,'Soleil oiseleur (le)',164,1048),(1188,'À quoi sert la neige ?',163,54),(1189,'Charlepogne et Poilenfrac',162,318),(1190,'Douze manteaux de Maman (les)',162,13),(1191,'Mon p\'tit vieux',162,562),(1192,'Vie des cailloux (La)',162,1140),(1193,'Alphabet fou (l\')',161,96),(1194,'Cache-cache dans la jungle !',161,273),(1195,'En voiture',161,31),(1196,'Légendes de la mythologie',161,686),(1197,'Ni poupées ni super-héros !',160,828),(1198,'On n\'est pas si différents',160,216),(1199,'Monde n\'est jamais fini (le)',159,436),(1200,'\"Près des yeux, près du cœur\"',159,441),(1201,'\"Une baleine, deux b., trois b., six cachalots\"',159,1125),(1202,'\"Ada, la grincheuse en tutu\"',158,68),(1203,'Arbre à miel (l\')',158,130),(1204,'Milléclat dorée (la)',158,772),(1205,'Docteur Henri est débordé !',157,475),(1206,'J\'ai mangé mon ami',157,636),(1207,'Ballade de Kiki le coq et Cucue la poule (la)',156,24),(1208,'Dans ma maison…',155,244),(1209,'Quelle est ma couleur ?',154,82),(1210,'Takam Tikou',154,6),(1211,'A l\'étranger',153,46),(1212,'Affaires de Monsieur le Chat (Les)',153,74),(1213,'Alice la culbute',153,74),(1214,'Ami ! Ami ?',153,101),(1215,'Astrophysique',153,51),(1216,'Aux commencements',153,46),(1217,'Bus en goguette',153,74),(1218,'Devinettes en petits morceaux',153,462),(1219,'Dix petits harengs (les)',153,474),(1220,'Dormez-vous ?',153,479),(1221,'\"Et toi, où habites-tu ?\"',153,524),(1222,'Histoires au téléphone',153,74),(1223,'Ils arrivent !',153,621),(1224,'Léo et…',153,690),(1225,'Lila et…',153,690),(1226,'Livre du printemps (le)',153,704),(1227,'Ma sœur et moi',153,419),(1228,'Migrants',153,771),(1229,'Mini encyclopédie des contraires',153,774),(1230,'Mini encyclopédie des émotions',153,774),(1231,'Moi et toi',153,779),(1232,'Mon tout petit',153,802),(1233,'Oiseaux (les)',153,802),(1234,'Ours qui n\'était pas là (l\')',153,871),(1235,'Petit grand Boubo',153,343),(1236,'Pingouin glacé',153,479),(1237,'Président du monde (le)',153,802),(1238,'Quand le monde était jeune',153,46),(1239,'Rencontre (la)',153,1015),(1240,'Réponds correctement !',153,1018),(1241,'Tandem',153,358),(1242,'Grain magique (le)',152,568),(1243,'Buveur de pluie (le)',151,265),(1244,'\"Regarde, je vole !\"',151,1011),(1245,'Ma grand-mère',150,638),(1246,'Haïti mon pays',149,596),(1247,'Avec quelques briques',140,180),(1248,'Bossu et le Ninki-Nanka (le)',140,246),(1249,'Chère Mamie',140,333),(1250,'Comptines à la ferme',140,366),(1251,'Comptines à la recherche du loup',140,366),(1252,'Comptines de la nuit',140,366),(1253,'Comptines pour bébé',140,366),(1254,'Comptines pour la gourmandise',140,369),(1255,'Comptines pour le père Noël',140,366),(1256,'Contes au petit frère',140,374),(1257,'Couleur de la nuit (la)',140,398),(1258,'Duel au soleil',140,492),(1259,'Eléphant blanc (l\')',140,496),(1260,'Farceurs (les)',140,535),(1261,'Fille de l\'ogre (la)',140,541),(1262,'Gardien de l\'arbre (le)',140,558),(1263,'Grande vague (la)',140,585),(1264,'Guillaume et la couronne du cousin Edouard',140,593),(1265,'\"Haïku, mon nounours\"',140,506),(1266,'Heure rouge (l\')',140,601),(1267,'Légende des gâteaux du Têt (la)',140,684),(1268,'Lundja. Contes du Maghreb',140,713),(1269,'Mémé de ma Mémé (la)',140,295),(1270,'M\'hand le chacal',140,769),(1271,'Moitié de fève (la)',140,788),(1272,'Mon petit bestiaire littéraire',140,799),(1273,'Monture du roi-grenouille (la)',140,809),(1274,'Moufle (la)',140,815),(1275,'Neuf couleurs de la peur',140,161),(1276,'\"Omotou, guerrier masaï\"',140,24),(1277,'Ours et la lune (l\')',140,869),(1278,'Parfois',140,880),(1279,'Riquet à la loupe',140,456),(1280,'Saisons d\'Issa',140,1032),(1281,'Saumone',140,333),(1282,'Souris-moi !',140,1054),(1283,'Vava Inouva',140,1138),(1284,'Voyage de l\'ours Pompon (le)',140,869),(1285,'Voyage sur un nuage',140,585),(1286,'Seul ensemble',139,1044),(1287,'Anisia',138,115),(1288,'Mon pull panda',138,635),(1289,'Poly la futée et cet imbécile de loup',137,958),(1290,'Artista que pinto un caballo azul (el)',135,128),(1291,'Petit Léonard de Vinci (le)',135,898),(1292,'Habits neufs du roi (les)',134,294),(1293,'\"John Brown, Rose et le chat de minuit\"',133,663),(1294,'Poulette douillette',133,193),(1295,'Un bon fermier',132,1108),(1296,'Ballade de Mulan (la)',131,192),(1297,'Ce n\'est pas très compliqué',131,292),(1298,'Chut !',131,340),(1299,'Femme du potier (la)',131,26),(1300,'Une touche de couleurs',131,1131),(1301,'Livre des géants ingénus (le)',130,702),(1302,'\"1,2,3,partons !\"',129,5),(1303,'10 p\'tits pingouins',129,12),(1304,'Abécédaire des émotions (l\')',129,61),(1305,'Adieu Chaussette',129,71),(1306,'Adultes ne font jamais ça (les)',129,73),(1307,'Beau et bon',129,201),(1308,'Bonjour pantin',129,234),(1309,'Bonjour toucan',129,236),(1310,'Ça dépend',129,267),(1311,'Ça va pas la tête',129,234),(1312,'Calamity Jeanne',129,280),(1313,'Cinq Malfoutus (les)',129,343),(1314,'Comment tu dors ?',129,362),(1315,'Dans le livre',129,418),(1316,'Jour et la nuit tout autour (le)',129,668),(1317,'Mélange-moi',129,756),(1318,'Oceano',129,841),(1319,'Pompon Ours dans les bois',129,71),(1320,'Potager d\'Alena (le)',129,963),(1321,'Quand je serai grand',129,986),(1322,'Tony Tiny Boy',129,502),(1323,'Tu fais quoi ?',129,362),(1324,'Une chanson d\'ours',129,71),(1325,'Dans la forêt du paresseux',128,413),(1326,'Ferme touche-touche (la)',128,236),(1327,'Pire anniversaire de ma vie (le)',128,71),(1328,'Popville',128,962),(1329,'Petit sanglier apprivoisé',127,24),(1330,'Fête de l\'aigle (la)',126,24),(1331,'Serpent de neige (le)',126,24),(1332,'Thésée et le fil d\'Ariane',126,398),(1333,'Trois plumes (les)',126,24),(1334,'Crime de Cornin Bouchon (le)',125,404),(1335,'Journal de Boub (le)',125,97),(1336,'Zékéyé et le serpent python',125,1159),(1337,'Aucassin et Nicolette',124,166),(1338,'Auto-stoppeur (l\')',124,171),(1339,'Futékati : le concours de natation',124,557),(1340,'Kipper',124,677),(1341,'Lancelot du Lac',124,166),(1342,'Perceval ou le Conte du Graal',124,166),(1343,'\"Yvain, le Chevalier au Lion\"',124,166),(1344,'Zékéyé est tout petit',124,1158),(1345,'10 contes de fantômes',123,8),(1346,'800 histoires drôles',123,35),(1347,'Contes du Maghreb',123,20),(1348,'Disparition (la)',123,470),(1349,'Histoire de Babar',123,603),(1350,'Jaffabules',123,367),(1351,'Jouer avec les poètes',123,666),(1352,'Légendes des lacs et rivières',123,687),(1353,'\"Livres, c\'est bon pour les bébés (les)\"',123,705),(1354,'Miam les amis',123,486),(1355,'Photo qui tue (la)',123,171),(1356,'Un bébé ? quelle drôle d\'idée',123,486),(1357,'Un petit bouquet de poèmes',123,666),(1358,'Un petit bouquet de poèmes',123,666),(1359,'J\'ai adopté un crocodile',122,635),(1360,'Tour des vents (la)',122,650),(1361,'Contes d\'Andersen',121,294),(1362,'Réglisse et Calisson',121,1012),(1363,'Youpi ! Poésie !!',120,1154),(1364,'Lettres à mon cher petit frère qui n\'est pas encore né',119,691),(1365,'Pince mi le petit crabe',119,939),(1366,'Tresse ou le voyage de Lalita (la)',119,1088),(1367,'Contes de la Folie Méricourt',118,379),(1368,'Enigmes',118,379),(1369,'Marchand de fessées (le)',118,379),(1370,'\"Adéwi Komé, la nuit\"',117,70),(1371,'Contes des calligraphes et des sultans',117,381),(1372,'Désirs des animaux (les)',117,448),(1373,'Graine et l\'oiseau (la)',117,2),(1374,'Jemeil et Jamla',117,658),(1375,'Ma grand-mère est tête en l\'air',117,381),(1376,'Sourate du taureau (la) ?',117,381),(1377,'Tout petit tu lis',117,286),(1378,'\"Un bébé, un livre, une voix\"',117,1106),(1379,'\"Un, deux, pois.\"',117,1121),(1380,'Une journée avec Mireille',117,70),(1381,'A tout petits pas',116,56),(1382,'ABC bêtes',116,59),(1383,'Air de fête',116,81),(1384,'Au clair de la terre',116,6),(1385,'Contes du cimetière (les)',116,206),(1386,'Contes magiques du monde entier',116,390),(1387,'Douze princesses (les)',116,411),(1388,'Graines de cabanes',116,570),(1389,'Grosse grève (la)',116,31),(1390,'Heure du bisou (l\')',116,82),(1391,'Imagine',116,626),(1392,'Inventions complètement inventées',116,630),(1393,'Joueur de luth enchanté (le)',116,667),(1394,'Little man',116,82),(1395,'Ma jungle',116,82),(1396,'Manteau rouge (le)',116,570),(1397,'\"Moi, je boude\"',116,785),(1398,'Mon pépé',116,333),(1399,'Petit Caillou',116,516),(1400,'Philipok',116,933),(1401,'Plein soleil',116,82),(1402,'Pleine lune',116,82),(1403,'Pleine mer',116,82),(1404,'Princesses oubliées ou inconnues',116,570),(1405,'Quand tu es content...',116,989),(1406,'Tristan et Iseult',116,572),(1407,'Vache qui voulait éteindre la lune (la)',116,59),(1408,'Voyage d\'Anoki (le)',116,82),(1409,'2 Bleu',115,22),(1410,'2 petites mains et 2 petits pieds',115,23),(1411,'365 contes des pourquoi et des comment',115,30),(1412,'365 contes en ville',115,30),(1413,'A chacun ses affaires',115,41),(1414,'Alice sourit',115,89),(1415,'Amélie la souris',115,100),(1416,'Ange de Grand-Père (l\')',115,108),(1417,'Baboon',115,186),(1418,'Banquise blues',115,195),(1419,'C\'est dingue',115,302),(1420,'C\'est un livre',115,309),(1421,'Chanson de l\'hippocampe et autres poèmes',115,313),(1422,'Chèvres aux yeux doux (les)',115,337),(1423,'\"Coucou, tu me vois ?\"',115,6),(1424,'Coup de gigot',115,400),(1425,'De tout mon cœur',115,430),(1426,'Dix petites graines',115,473),(1427,'Douze mois pour rire',115,482),(1428,'Eau (L\')',115,6),(1429,'Ecureuil de Kiko (l\')',115,100),(1430,'Edouardo le terrible',115,494),(1431,'Emile est invisible',115,502),(1432,'Engins (les)',115,514),(1433,'Famille (la)',115,6),(1434,'Ferme les yeux',115,186),(1435,'\"Grand-mère Loup, y es-tu ?\"',115,587),(1436,'Il y a un cauchemar dans le grenier',115,618),(1437,'Il y a un cauchemar dans mon placard',115,618),(1438,'Je cherche un livre pour un enfant',115,86),(1439,'Je cherche un livre pour un enfant (8-16 ans)',115,645),(1440,'Je veux gagner',115,654),(1441,'J\'observe le cirque',115,662),(1442,'J\'observe les grottes',115,662),(1443,'Jungle',115,673),(1444,'Larmes de crocodile (les)',115,683),(1445,'Little Lou',115,699),(1446,'Lou Pilouface. Panique dans le bayou',115,542),(1447,'Mamouchka et le coussin aux nuages',115,24),(1448,'Minuscules (les)',115,400),(1449,'Moi et Mon Chat',115,778),(1450,'\"Moi, ma grand-mère…\"',115,208),(1451,'Opération farceuses',115,863),(1452,'Où est Papa ?',115,299),(1453,'Oukélé la télé',115,233),(1454,'Pawana',115,190),(1455,'Petite maison de bois (la)',115,917),(1456,'Pierrot le moineau',115,100),(1457,'Pourquoi l\'éléphant a une trompe',115,969),(1458,'Première fois que je suis née (la)',115,502),(1459,'Prince bégayant (le)',115,542),(1460,'Promenade en forêt (Yok-Yok)',115,980),(1461,'Renard et l\'étoile (le)',115,1014),(1462,'Rimbaud : Choix de poèmes',115,1023),(1463,'Sourire de la montagne (le)',115,542),(1464,'Un éléphant et autres animaux de compagnie',115,1112),(1465,'\"Un livre, et plus encore...\"',115,89),(1466,'Un monde en couleurs',115,1117),(1467,'Un petit bois mystérieux',115,1119),(1468,'Voyage du lièvre et du blaireau (le)',115,654),(1469,'Zagazou',115,199),(1470,'Zoo',115,26),(1471,'Au revoir blaireau',114,162),(1472,'Auberge de Nulle Part (l\')',114,165),(1473,'Balaabilou',114,190),(1474,'Ballade de Cornebique (la)',114,191),(1475,'Bateau vert (le)',114,199),(1476,'Belle lisse poire du prince de Motordu (la)',114,208),(1477,'Bizardos (les)',114,221),(1478,'Chat noir et autres contes fantastiques (Le)',114,325),(1479,'Conte n°1',114,372),(1480,'Contes',114,36),(1481,'Contes pour enfants pas sages',114,198),(1482,'Couleurs florilège',114,6),(1483,'Delphinium contre le Dentignac (le)',114,26),(1484,'Des livres d\'enfants à la littérature de...',114,439),(1485,'Deux grains de grenade',114,452),(1486,'Deux gredins (les)',114,400),(1487,'Evasion de Kamo (l\')',114,527),(1488,'Exercices de style',114,134),(1489,'Extraordinaire voyage du chat de Mossoul (l\')',114,528),(1490,'Femme panthère (la)',114,6),(1491,'Forban magnifique (le)',114,550),(1492,'Gentil petit diable (le)',114,379),(1493,'Grand dessin (le)',114,199),(1494,'Grand livre vert (le)',114,575),(1495,'Guillevic',114,594),(1496,'Je veux grandir',114,654),(1497,'\"Jean Tardieu, un poète\"',114,365),(1498,'Matilda',114,400),(1499,'Mauvais jars (Le)',114,751),(1500,'\"Menu, menu\"',114,406),(1501,'Monstre poilu (le)',114,808),(1502,'Ocre',114,842),(1503,'Pêche à la baleine (la)',114,198),(1504,'Petit garçon qui avait envie d\'espace (le)',114,896),(1505,'\"Pincemi, Pincemoi et la sorcière\"',114,808),(1506,'Raymond Queneau',114,134),(1507,'Rendez-moi mes poux !',114,208),(1508,'Rire en poésie (Le)',114,6),(1509,'\"Robert Desnos, un poète\"',114,885),(1510,'Rondeaux',114,406),(1511,'Science en poésie (la)',114,6),(1512,'Si la lune pouvait parler',114,186),(1513,'Super Papa',114,1061),(1514,'Un conte peut en cacher un autre',114,400),(1515,'\"Une histoire sombre, très sombre\"',114,473),(1516,'202 contes de Nasreddin Hodja',113,6),(1517,'\"Micelle, le ver de terre allergique\"',112,477),(1518,'\"Phantoum, l\'éléphanteau encombré de sa trompe\"',112,477),(1519,'Citrons !',111,271),(1520,'Grand N\'importe Quoi (le)',111,578),(1521,'\"Moi, Albert, détestateur de livres\"',111,782),(1522,'\"Non, j\'irai pas !\"',111,98),(1523,'\"Petit frère, petite sœur, mode d\'emploi\"',111,119),(1524,'Super loup',111,546),(1525,'Super Niño',111,119),(1526,'Tous les monstres ont peur du noir',111,119),(1527,'Ze vais te manzer',111,1157),(1528,'Aventures de Tom Sawyer (les)',110,184),(1529,'Belles histoires du Père Castor (les)',110,6),(1530,'Contes',110,294),(1531,'Croc-Blanc',110,405),(1532,'Mon bel oranger',110,792),(1533,'Omelette au sucre (l\')',110,855),(1534,'\"Mots en bouche, mots sur la touche\"',109,6),(1535,'Grammaire en fête',108,152),(1536,'Alice au pays des merveilles',107,88),(1537,'Sacrées sorcières',107,400),(1538,'Sorcière de la rue Mouffetard (la)',107,379),(1539,'Claire et l\'oiseleur',105,345),(1540,'Trois contes de frissons',105,1090),(1541,'Jolis contes de Perrault',104,223),(1542,'Mais que lisent-ils ?',104,129),(1543,'Tête dans les étoiles (la)',104,6),(1544,'Encyclopédie des gens qu\'on connaît pas',103,6),(1545,'10 nouvelles fantastiques',102,10),(1546,'Village aux mille roses (le)',102,1117),(1547,'10 contes de Turquie',101,9),(1548,'100 merveilleuses histoires du Père Castor',101,6),(1549,'13 contes et récits d\'Halloween',101,16),(1550,'14 contes de Russie',101,17),(1551,'17 récits de pirates et de corsaires',101,19),(1552,'23 récits et légendes de vikings',101,25),(1553,'9 contes de Grimm',101,36),(1554,'Arbre de paix (l\')',101,131),(1555,'Au cœur du cœur',101,152),(1556,'Bonheur est dans le pré (le)',101,232),(1557,'Boucle d\'or et les trois ours',101,251),(1558,'Ce que le vieux fait est bien fait',101,294),(1559,'Chat botté (le)',101,223),(1560,'Chuuut !',101,341),(1561,'Comptines françaises',101,368),(1562,'Contes des mille et une nuits',101,383),(1563,'\"Coucou, c\'est moi\"',101,396),(1564,'Coupeur de mots (le)',101,401),(1565,'Cygnes sauvages (les)',101,410),(1566,'Dans les yeux d\'Angel',101,419),(1567,'\"Dauphins, princes de la mer\"',101,24),(1568,'\"Dragon bleu, dragon jaune\"',101,483),(1569,'Dragon de Cracovie (le)',101,484),(1570,'Enfant qui défia le tigre (l\')',101,17),(1571,'Félix Têtedeveau',101,538),(1572,'Flûte enchantée (la)',101,367),(1573,'Flûte prodigieuse (la)',101,547),(1574,'Grand Loup et Petit Loup',101,396),(1575,'Grand Loup et Petit Loup. La petite feuille',101,396),(1576,'Grand Loup et Petit Loup. Une si belle orange',101,396),(1577,'Grand voyage de Mademoiselle Prudence (le)',101,581),(1578,'Gros navet (le)',101,592),(1579,'Insectes de mon jardin (les)',101,628),(1580,'Jolie Plume et le secret du vent',101,664),(1581,'\"Lapin, la nuit et la boîte à biscuits (le)\"',101,681),(1582,'Marlaguette',101,749),(1583,'Meilleures histoires de rois et de princesses',101,6),(1584,'Moi devant',101,396),(1585,'Musiciens de Brême (les)',101,411),(1586,'Nasreddine',101,823),(1587,'Nuit du Mélinos (la)',101,105),(1588,'Oiseau de pluie (l\')',101,850),(1589,'Ours vagabond (l\')',101,193),(1590,'Pénélope et la poule de Pâques',101,105),(1591,'Petit cheval (le)',101,894),(1592,'Petit Poucet (le)',101,223),(1593,'Petite fille du port de Chine (la)',101,547),(1594,'Petite Sirène (la)',101,294),(1595,'Pleine nuit',101,946),(1596,'Plus beau des trésors (le)',101,17),(1597,'Roméo et Juliette',101,1024),(1598,'Rouges et les noirs (les)',101,105),(1599,'Soupe aux cailloux (la)',101,17),(1600,'\"Très, très fort !\"',101,1086),(1601,'Trois petits brins d\'herbe',101,396),(1602,'Trois questions (les)',101,1094),(1603,'Un bon tour de Renart',101,17),(1604,'Une noce chez les lapins',101,1128),(1605,'Vache orange (la)',101,1135),(1606,'Illustrer les livres pour enfants',100,620),(1607,'Alboum',99,84),(1608,'Anthony Browne',99,84),(1609,'Claude Ponti',99,86),(1610,'Des hauts et des bas',99,437),(1611,'Du soir au matin… jusqu\'au soir',99,84),(1612,'Liberté Nounours',99,84),(1613,'Lire Claude Ponti encore et encore',99,696),(1614,'Petits chaperons loups',99,84),(1615,'Super super gloupi',99,1062),(1616,'Tous ses petits canards',99,1079),(1617,'Sans début ni fin',98,258),(1618,'\"12 histoires de liberté, égalité, fraternité\"',97,6),(1619,'\"1,2,3… comptines\"',96,6),(1620,'Cultiver',96,409),(1621,'Des livres d\'images pour tous les âges',96,440),(1622,'Des livres d\'images pour tous les âges',96,440),(1623,'Histoires d\'amour',96,608),(1624,'Lire avec les tout-petits',96,6),(1625,'Lire des livres à des bébés',96,440),(1626,'Littérature de jeunesse a-t-elle bon goût ? (La)',96,6),(1627,'Naître au monde et à la culture',96,821),(1628,'On ne lit pas tout seul',96,860),(1629,'Petite enfance et cultures en mouvement',96,608),(1630,'Quand les livres relient',96,6),(1631,'Qu\'apporte la littérature de jeunesse aux enfants ?',96,608),(1632,'Tout-petits et les livres (les)',96,608),(1633,'\"Tout-petits, le monde et les albums (les)\"',96,1085),(1634,'Un bébé ? Quel cadeau !',96,6),(1635,'Oh ! La belle lune !',95,516),(1636,'Un flocon d\'amour',95,244),(1637,'Voyages merveilleux de Lilou la fée (les)',95,66),(1638,'Tout d\'un loup',94,1081),(1639,'\"Guide de lecture \"\"aimer lire\"\"\"',93,6),(1640,'Abou-az-Zoulouf et le loup',92,64),(1641,'Quelque chose de plus terrible encore',91,995),(1642,'Vache qui Rit tire la langue… (la)',90,24),(1643,'Graine de grenade',89,385),(1644,'Ruby tête haute',88,1029),(1645,'Avec trois brins de laine',87,181),(1646,'Et l\'on chercha tortue',86,523),(1647,'Zanimaux zétonnants (les)',85,1115),(1648,'\"1, 2, 3, 4 pattes\"',84,1),(1649,'\"1,2,3 petits chats qui savaient compter jusqu\'à 3\"',84,3),(1650,'3 contes cruels',84,27),(1651,'A (le)',84,38),(1652,'A calicochon',84,40),(1653,'\"A trois, on a moins froid\"',84,57),(1654,'\"Aboie, Georges !\"',84,62),(1655,'Abracadanoir',84,65),(1656,'Adélaïde',84,69),(1657,'Afrique de Zigomar (l\')',84,75),(1658,'\"Akli, prince du désert\"',84,83),(1659,'Alors ?',84,90),(1660,'Alumette',84,69),(1661,'Ami du petit tyrannosaure (l\')',84,102),(1662,'Ami-ami',84,103),(1663,'Animal domestique d\'Hermès Quichon (l\')',84,111),(1664,'Anna et le gorille',84,40),(1665,'Anne Fine',84,117),(1666,'Annie du lac',84,90),(1667,'Anniversaire (l\')',84,119),(1668,'Anniversaire de Monsieur Guillaume (l\')',84,111),(1669,'Anthony Browne',84,120),(1670,'\"Anthony Browne, histoires d\'une œuvre\"',84,40),(1671,'Anticontes de fées',84,121),(1672,'Anton est magicien',84,122),(1673,'Anton et la feuille',84,122),(1674,'Anton et les filles',84,122),(1675,'Anton et les rabat-joie',84,122),(1676,'Apprenti loup (l\')',84,125),(1677,'Arbre généreux (l\')',84,132),(1678,'Arbre sans fin (l\')',84,38),(1679,'\"Arbre, le loir et les oiseaux (l\')\"',84,135),(1680,'\"Attends, Petit Eléphant !\"',84,144),(1681,'Au feu Petit Pierre',84,155),(1682,'Au lit dans 10 minutes !',84,157),(1683,'Au lit tout le monde !',84,158),(1684,'\"Au lit, petit monstre !\"',84,159),(1685,'Au revoir !',84,144),(1686,'\"Au revoir, Papa\"',84,163),(1687,'\"Au secours, voilà le loup !\"',84,164),(1688,'Aujourd\'hui je t\'aime',84,169),(1689,'Autre (l\')',84,172),(1690,'\"Avale, Léonardichon !\"',84,111),(1691,'Avaleur de bobos (l\')',84,175),(1692,'Avant la télé',84,177),(1693,'\"Avec Jeanne Ashbé, nourrissons les bébés\"',84,178),(1694,'Aventures de Lester (les)',84,122),(1695,'Aventures d\'une petite bulle rouge (les)',84,135),(1696,'Bain d\'Abel (le)',84,158),(1697,'Balthazar !',84,194),(1698,'Béatrice Smajda',84,178),(1699,'Beau ver dodu (le)',84,202),(1700,'Beaucoup de beaux bébés',84,203),(1701,'Bébé bonbon (le)',84,38),(1702,'Bébert l\'escargot',84,205),(1703,'Bébés Chouettes',84,206),(1704,'Bergère qui mangeait ses moutons (la)',84,209),(1705,'Bête comme ses pieds',84,205),(1706,'Bibi',84,212),(1707,'Bidou',84,213),(1708,'Bienvenus',84,215),(1709,'Bigarreaux noirs (les)',84,217),(1710,'Billy se bile',84,40),(1711,'Bison (le)',84,220),(1712,'Bizarre… bizarre',84,38),(1713,'Blaise dompteur de tache',84,38),(1714,'Blaise et la tempétueuse bouchée',84,38),(1715,'Blaise et le château d\'Anne Hiversère',84,38),(1716,'Blaise et le robinet',84,38),(1717,'Blanc sur noir',84,222),(1718,'Blanche Neige',84,223),(1719,'Bloub bloub bloub',84,225),(1720,'Boîte (la)',84,38),(1721,'Boîte des papas (la)',84,227),(1722,'Bon appétit ! Monsieur Lapin',84,125),(1723,'Bonheur est coincé dans la tête (le)',84,233),(1724,'Bonheur est coincé dans la tête (le)',84,233),(1725,'Boniface et Philibert',84,194),(1726,'Bonjour docteur',84,119),(1727,'Bonjour facteur',84,119),(1728,'\"Bonjour, poussin\"',84,237),(1729,'\"Bonne nuit, petit monstre vert !\"',84,240),(1730,'Bouh !',84,253),(1731,'Bravo !',84,122),(1732,'Brigitte Smadja',84,178),(1733,'Brouille (la)',84,125),(1734,'Ça fait peur !',84,144),(1735,'Ça va mieux !',84,144),(1736,'Caca boudin',84,270),(1737,'Câline-mi et Câline-moi',84,282),(1738,'Calinours va faire les courses',84,283),(1739,'Cambouis',84,194),(1740,'Canard fermier (le)',84,206),(1741,'Carton rouge',84,175),(1742,'Cauchemar (le)',84,38),(1743,'Cauchemar de Gaëtan Quichon (le)',84,111),(1744,'Ce n\'est pas une bonne idée',84,293),(1745,'Ce que j\'aime faire',84,40),(1746,'Ce qui serait bien',84,296),(1747,'César',84,121),(1748,'C\'est à moi !',84,299),(1749,'C\'est moi le plus beau',84,159),(1750,'C\'est moi le plus fort',84,159),(1751,'C\'est mon arbre',84,306),(1752,'C\'est pour qui ?',84,119),(1753,'Cette belle dame',84,310),(1754,'Chaise bleue (la)',84,125),(1755,'Chant des baleines (le)',84,314),(1756,'Chapeau à secrets (le)',84,38),(1757,'Chapeau rond rouge',84,194),(1758,'Chapeau volant (le)',84,69),(1759,'Chasse à l\'ours (la)',84,320),(1760,'Chat Botté (le)',84,322),(1761,'Chaussures neuves (les)',84,38),(1762,'Cher Père Noël',84,144),(1763,'Cherche amis',84,158),(1764,'Cherchons loup sachant lire',84,332),(1765,'Chers Maman et Papa',84,334),(1766,'Chez les ours',84,169),(1767,'Chhht !',84,338),(1768,'Chhht !',84,338),(1769,'Chien bleu',84,317),(1770,'Chien et le chat (le)',84,38),(1771,'Chien qui voulait être chat (le)',84,75),(1772,'Cinq petits doigts',84,317),(1773,'Clown',84,212),(1774,'Cochon magique (le)',84,348),(1775,'Coco Panache',84,220),(1776,'Code de la route (le)',84,159),(1777,'Combat des Cerfs-volants (le)',84,354),(1778,'Comme des sardines',84,355),(1779,'Comme mon père me l\'a appris',84,103),(1780,'Comme si j\'avais peur',84,332),(1781,'Comment j\'ai appris la Géographie',84,357),(1782,'Comment lire un livre ?',84,360),(1783,'Cornebidouille',84,393),(1784,'Cornebidouille contre Cornebidouille',84,393),(1785,'Côté cœur',84,103),(1786,'\"Couché, Papa !\"',84,395),(1787,'Coucou !',84,144),(1788,'Coucou Coco',84,348),(1789,'Coup de foudre',84,121),(1790,'Course (la)',84,160),(1791,'Crictor',84,69),(1792,'Crocodile crocodile',84,407),(1793,'Cromignon',84,282),(1794,'Cuisine de nuit',84,408),(1795,'Dans',84,164),(1796,'Dans la forêt profonde',84,40),(1797,'Dans la pomme',84,38),(1798,'Dans le gant',84,38),(1799,'Dans les nuages',84,164),(1800,'De quelle couleur ?',84,222),(1801,'De quelques albums…',84,429),(1802,'Déclaration (la)',84,119),(1803,'Déjeuner de la petite ogresse (le)',84,111),(1804,'Déjeuner des loups (le)',84,194),(1805,'Déjeuner des loups (le)',84,194),(1806,'Délivrez-moi !',84,432),(1807,'Derrière la poussette',84,38),(1808,'Des couleurs et des choses',84,222),(1809,'Des papas et des mamans',84,144),(1810,'Deux goinfres (les)',84,75),(1811,'Deux grenouilles',84,453),(1812,'Devine combien je t\'aime',84,460),(1813,'Devine qui fait quoi',84,461),(1814,'Dictionnaire des sorcières',84,121),(1815,'\"Dinosaures, dinosaures\"',84,467),(1816,'Doudou méchant (le)',84,38),(1817,'Dragon vole',84,212),(1818,'Drôle de pizza',84,489),(1819,'Drôle d\'œuf',84,334),(1820,'Echelle de magicien',84,212),(1821,'Ecole est en feu (l\')',84,159),(1822,'Edwina l\'émeu',84,495),(1823,'Elmer',84,500),(1824,'Embrassez-moi !',84,299),(1825,'Emile',84,69),(1826,'Encore un peu de Zuza ?',84,111),(1827,'Encore un peu de Zuza ?',84,111),(1828,'Encore une fois !',84,57),(1829,'Enfantines',84,513),(1830,'Ephémère (l\')',84,515),(1831,'Epinards (les)',84,38),(1832,'Ernest et Célestine chez le photographe',84,517),(1833,'Ernest et Célestine ont perdu Siméon',84,517),(1834,'Escapade à la cour des Miracles',84,354),(1835,'Et le loup mangea la princesse',84,322),(1836,'Et le petit dit',84,521),(1837,'Et pit et pat à quatre pattes',84,144),(1838,'Et pourquoi ?',84,3),(1839,'Et si jamais…?',84,40),(1840,'Exactement le contraire',84,222),(1841,'Fables',84,529),(1842,'Faites la queue !',84,533),(1843,'Famille Souris et le potiron (la)',84,534),(1844,'Fée sorcière (la)',84,536),(1845,'Fées du camping (les)',84,233),(1846,'Fenêtre (la)',84,38),(1847,'Fil à fil',84,144),(1848,'Fleur-de-cactus et Castor-Têtu',84,546),(1849,'Fleuve (le)',84,38),(1850,'Flix',84,69),(1851,'Flon-flon et Musette',84,212),(1852,'Forêt des grands (la)',84,552),(1853,'Foufours a peur du noir',84,553),(1854,'Frédéric',84,554),(1855,'Galette à l\'escampette (la)',84,194),(1856,'Garçon qui ne connaissait pas la peur (le)',84,111),(1857,'Gâteau de lune',84,560),(1858,'Géant de Zéralda (le)',84,69),(1859,'\"Géant, es-tu là ?\"',84,563),(1860,'Gloups ! J\'ai avalé Cornebidouille !',84,393),(1861,'Grand sommeil (le)',84,177),(1862,'Grande Flore',84,111),(1863,'Grosse bête de Monsieur Racine (la)',84,69),(1864,'Grosse colère',84,395),(1865,'Grotte sacrée (la)',84,354),(1866,'Guerre (la)',84,111),(1867,'Guili Lapin',84,293),(1868,'Guillaume l\'apprenti sorcier',84,69),(1869,'Hansel et Gretel',84,411),(1870,'Heure de la lune (l\')',84,432),(1871,'Histoire d\'Edouard',84,368),(1872,'Histoire du bonbon (l\')',84,111),(1873,'Histoires de Huey (les)',84,609),(1874,'Histoires de Marcel (les)',84,40),(1875,'\"Hiver long, très long (Et froid, très froid)\"',84,175),(1876,'Horrible petite princesse (l\')',84,317),(1877,'Hulul',84,529),(1878,'Igor et les trois petits cochons',84,194),(1879,'Il faut délivrer Gaspard !',84,194),(1880,'Il faut savoir dire non',84,169),(1881,'Il l\'a fait',84,122),(1882,'Il ne faut pas habiller les animaux',84,615),(1883,'Ile du Monstril (l\')',84,177),(1884,'Inuk est amoureux',84,83),(1885,'J\'ai pas dit partez',84,158),(1886,'J\'aime les livres',84,40),(1887,'Je mangerais bien un enfant',84,646),(1888,'Je m\'habille et je me couche',84,647),(1889,'Je m\'habille et… je te croque',84,647),(1890,'Je ne suis pas une souris',84,159),(1891,'Je suis revenu',84,194),(1892,'Je suis un amour',84,83),(1893,'Je veux être une maman… tout de suite',84,319),(1894,'Je veux voir la mer',84,656),(1895,'Jean de la Lune',84,69),(1896,'Jean Toutou et Marie Pompon',84,194),(1897,'Jeanne et Jean',84,121),(1898,'\"Jo, le très vilain petit canard\"',84,661),(1899,'Joé le lapin rêvé',84,169),(1900,'John Chatterton détective',84,177),(1901,'Joker',84,233),(1902,'Jolie petite princesse (la)',84,317),(1903,'Jour du mange-poussin (le)',84,38),(1904,'Journal d\'un chat assassin',84,671),(1905,'Jujube',84,672),(1906,'\"Jules, le chevalier agaçant\"',84,194),(1907,'Koulkoul et Molokoloch',84,679),(1908,'Lapin loucheur (le)',84,125),(1909,'Lariette et Catimini',84,212),(1910,'Laurent tout seul',84,111),(1911,'Légende du cerf volant (la)',84,560),(1912,'Leo',84,688),(1913,'Léo Corbeau et Gaspard Renard',84,689),(1914,'Lettres d\'amour de 0 à 10',84,233),(1915,'Licorne (la)',84,92),(1916,'Lilas',84,177),(1917,'Liste des fournitures (la)',84,233),(1918,'Livre de Petit Ours (le)',84,40),(1919,'\"Livre des \"\"c\'est pas moi\"\" (le)\"',84,1),(1920,'Livre des j\'aime (le)',84,1),(1921,'Loulou',84,121),(1922,'Loulou à l\'école des loups',84,121),(1923,'Loup d\'Albert (le)',84,593),(1924,'Loup est revenu (le)',84,194),(1925,'Loup qui voulait être un mouton (le)',84,159),(1926,'Loup sentimental (le)',84,194),(1927,'\"Loup, la chèvre et les sept chevreaux (le)\"',84,194),(1928,'\"Loup, loup, y es-tu ?\"',84,159),(1929,'Luthier de Venise (le)',84,193),(1930,'Ma culotte',84,716),(1931,'Ma grand-mère m\'a mordu',84,717),(1932,'Ma pelle',84,270),(1933,'Machin chouette',84,75),(1934,'Mademoiselle Sauve qui peut',84,75),(1935,'Magasin de mon père (le)',84,725),(1936,'Magicien des couleurs (le)',84,529),(1937,'Main de la sorcière (la)',84,727),(1938,'Mains de Papa (les)',84,175),(1939,'Mais je suis un ours !',84,728),(1940,'Maison dans les bois (la)',84,731),(1941,'Maître des brumes',84,69),(1942,'Maman Quichon se fâche',84,111),(1943,'\"Maman, c\'est toi ?\"',84,119),(1944,'Mam\'zelle',84,742),(1945,'Mangetout et Maigrelet',84,125),(1946,'Marcel et Hugo',84,40),(1947,'Marcel et le nuage',84,40),(1948,'Marcel la mauviette',84,40),(1949,'Marcel le champion',84,40),(1950,'Marcel le magicien',84,40),(1951,'Marcel le rêveur',84,40),(1952,'Marie Desplechin',84,178),(1953,'Marie-Aude Murail',84,178),(1954,'Mario Ramos',84,748),(1955,'Masque (le)',84,121),(1956,'Matelas magique (le)',84,111),(1957,'Mathieu',84,121),(1958,'Maudit troll !',84,338),(1959,'Max et les maximonstres',84,408),(1960,'Même les princesses doivent aller à l\'école',84,233),(1961,'Mer bleue',84,765),(1962,'Métamorphoses (les)',84,768),(1963,'Mille secrets de poussins',84,38),(1964,'Miroir de l\'eau (le)',84,776),(1965,'Moi et rien',84,90),(1966,'\"Moi pas, moi aussi\"',84,159),(1967,'Moka',84,178),(1968,'Momo',84,317),(1969,'Mon jour de chance',84,795),(1970,'Mon papa',84,40),(1971,'Mon petit rat',84,169),(1972,'Mon pull',84,158),(1973,'Monde de Kitty Crowther (le)',84,748),(1974,'Monstre (le)',84,1),(1975,'Monstre ne me mange pas',84,83),(1976,'Montres molles (les)',84,38),(1977,'Mots peints (les)',84,814),(1978,'Mouche qui pète (la)',84,119),(1979,'Moun',84,103),(1980,'M\'Toto',84,672),(1981,'Mystère',84,819),(1982,'Mystérieux délits',84,439),(1983,'Ne laissez pas le pigeon conduire le bus !',84,293),(1984,'\"Ne m\'appelez plus jamais \"\"mon petit lapin\"\"\"',84,121),(1985,'Neige',84,121),(1986,'Nénègle sur la montagne',84,825),(1987,'Neuvième métro (le)',84,826),(1988,'Nima et l\'ogresse',84,393),(1989,'Noir sur blanc',84,222),(1990,'\"Noire comme le café, blanc comme la lune\"',84,832),(1991,'Non (le)',84,38),(1992,'\"Non, non et non\"',84,395),(1993,'N\'oublie pas de te laver les dents !',84,75),(1994,'Nsoko l\'orphelin',84,834),(1995,'Nuage (le)',84,38),(1996,'Nuage bleu (le)',84,69),(1997,'Nuit de Berk (la)',84,836),(1998,'\"Nuit, on dort (la)\"',84,144),(1999,'Nuno le petit roi',84,159),(2000,'Occupé',84,840),(2001,'Œdipe l\'enfant trouvé',84,177),(2002,'\"Ogre, le loup, la petite fille et le gâteau (l\')\"',84,75),(2003,'\"Ogre, le loup, la petite fille et le gâteau (l\')\"',84,75),(2004,'Ogrionne (l\')',84,75),(2005,'Okilélé',84,38),(2006,'Ollie',84,854),(2007,'On ne peut pas',84,144),(2008,'Oncle éléphant',84,529),(2009,'Otto',84,69),(2010,'Où est le loup ?',84,164),(2011,'Où est ma chaussure ?',84,69),(2012,'Où je l\'ai mis ?',84,825),(2013,'Où va l\'eau ?',84,144),(2014,'\"Oulàlà, c\'est haut !\"',84,144),(2015,'Ouragan (l\')',84,742),(2016,'Ours et le chat sauvage (l\')',84,870),(2017,'Ourson et la ville',84,40),(2018,'Ouste !',84,338),(2019,'Ouvre ce petit livre',84,873),(2020,'Pablo',84,103),(2021,'Palomino',84,119),(2022,'Papa !',84,75),(2023,'Papa exagère',84,395),(2024,'Papa Loup',84,878),(2025,'Papa maman bébé',84,111),(2026,'Papaski',84,69),(2027,'Parcours de Paulo le petit spermatozoïde (le)',84,879),(2028,'Parfois je me sens…',84,40),(2029,'Parti',84,144),(2030,'Pas de baiser pour Maman',84,69),(2031,'Pas de loup',84,144),(2032,'Pas question !',84,175),(2033,'Patatras',84,75),(2034,'Pauvre Verdurette',84,125),(2035,'Pêche à la marmite (la)',84,884),(2036,'Pêche à la sirène (la)',84,212),(2037,'Père Noël et les fourmis (le)',84,75),(2038,'Péric et Pac',84,887),(2039,'Pestoune des Pyrénées',84,890),(2040,'Petit Aigle',84,560),(2041,'Petit bleu et Petit jaune',84,554),(2042,'Petit déjeuner de la famille souris (le)',84,534),(2043,'Petit éléphant a un ami',84,144),(2044,'Petit frère (le)',84,38),(2045,'Petit lapin de Noël (le)',84,689),(2046,'Petit musée',84,900),(2047,'Petit pêcheur et le squelette (le)',84,560),(2048,'Petit Questionneur (le)',84,907),(2049,'Petit sorcier de la pluie (le)',84,83),(2050,'Petit-Bleu et Petit-Jaune',84,554),(2051,'Petite Baleine',84,911),(2052,'Petite Beauté',84,40),(2053,'Petite fille du livre (la)',84,317),(2054,'Petite Frida',84,40),(2055,'Petite poule rousse (la)',84,467),(2056,'Petite princesse nulle (la)',84,317),(2057,'Petite sœur',84,920),(2058,'Petit-gris',84,212),(2059,'Petit-Ours en visite',84,926),(2060,'Petits haïkus des saisons',84,468),(2061,'Petits points rouges',84,929),(2062,'Petits poissons (les)',84,647),(2063,'Petits tigres',84,911),(2064,'Pétronille et ses 120 petits',84,38),(2065,'Pfff...',84,932),(2066,'Piano des bois (le)',84,934),(2067,'Pilotin',84,554),(2068,'Pique nique de la famille Souris (le)',84,534),(2069,'Pique nique des ours (le)',84,941),(2070,'\"Pique, Gratte et Grogne\"',84,942),(2071,'Piscine (la)',84,158),(2072,'Plouf !',84,75),(2073,'Plus belle maman du monde (la)',84,948),(2074,'Plus gros cadeau du monde (le)',84,348),(2075,'Poka et Mine. Les nouvelles ailes',84,90),(2076,'Pomme et le papillon (la)',84,961),(2077,'Pomme rouge (la)',84,534),(2078,'Ponti foulbazar',84,748),(2079,'Porculus',84,529),(2080,'Porte (la)',84,3),(2081,'Potins du potager (les)',84,233),(2082,'Pouet Pouet',84,393),(2083,'Pou-poule',84,965),(2084,'Pourquoi ?',84,432),(2085,'Pourquoi ça n\'avance pas ?',84,533),(2086,'Pourquoi les libellules ont le corps si long',84,515),(2087,'Pousse-Poussette',84,282),(2088,'\"Premier arrivé, premier servi !\"',84,533),(2089,'Première fois que j\'ai eu seize ans (la)',84,233),(2090,'Preuve par l\'eau de vaisselle (la)',84,973),(2091,'Prince tigre (le)',84,976),(2092,'Princesse Grenouille (la)',84,159),(2093,'\"Princesse, le dragon et le chevalier intrépide (la)\"',84,194),(2094,'Problème quand on est un renard (le)',84,283),(2095,'Promesses',84,981),(2096,'Provision de bisous de Zou (la)',84,282),(2097,'Quand je ne savais pas écrire',84,985),(2098,'\"Quand je serai grand, je serai le Père Noël\"',84,121),(2099,'Quand j\'étais petit',84,159),(2100,'\"Que faites-vous, cher ami ?\"',84,993),(2101,'Que vois-tu ?',84,222),(2102,'Quel cafouillage !',84,74),(2103,'\"Rafara, un conte populaire africain\"',84,6),(2104,'Ranelot et Bufolet',84,529),(2105,'Rébellion chez les crayons',84,1007),(2106,'Réfrigogérateur (le)',84,38),(2107,'Rendez-vous sous la lune',84,83),(2108,'Retour de Chapeau Rond Rouge (le)',84,194),(2109,'Revanche de Lili Prune (la)',84,38),(2110,'Rêve de l\'ours (le)',84,83),(2111,'Réveillés les premiers !',84,1021),(2112,'Rien faire',84,1022),(2113,'Roi est occupé (le)',84,159),(2114,'\"Roi, la poule et la terrible Mademoiselle Chardon (le)\"',84,661),(2115,'Roméo et Juliette',84,159),(2116,'Rouge da ns la ville',84,1027),(2117,'Rouge jaune noire blanche',84,536),(2118,'Rufus',84,69),(2119,'Sa majesté la maîtresse',84,233),(2120,'Sann',84,560),(2121,'Sans le A',84,119),(2122,'Sassou',84,1038),(2123,'Saucisse de Cornichou (la)',84,825),(2124,'Saute',84,1039),(2125,'Scritch scratch dip clapote',84,90),(2126,'Secret (le)',84,111),(2127,'Secret du Rocher Noir (le)',84,1042),(2128,'Sept chansons pour le hérisson (comptines)',84,1043),(2129,'Sept histoires de souris',84,529),(2130,'Si un jour',84,169),(2131,'Six milliards de visages',84,1047),(2132,'Sixième (la)',84,233),(2133,'Socrate',84,103),(2134,'Sophie la vache musicienne',84,194),(2135,'Soupe à la souris (la)',84,529),(2136,'Sous un pyjama de lapin',84,169),(2137,'Superlapin',84,270),(2138,'Sur le chantier',84,467),(2139,'Sur le lit',84,38),(2140,'Sur les genoux de maman',84,1064),(2141,'Sur les traces de Maman',84,283),(2142,'Sur l\'île des Zertes',84,38),(2143,'Susie Morgenstern',84,178),(2144,'Tableaux de Marcel (les)',84,40),(2145,'Taches du léopard (les)',84,1067),(2146,'T\'as de beaux yeux !',84,825),(2147,'Tempête (la)',84,102),(2148,'Tête à claques',84,75),(2149,'Tétine de Nina (la)',84,1072),(2150,'Thésée',84,177),(2151,'Ti lapin le magicien',84,825),(2152,'Ti-Cheval',84,92),(2153,'Tico et les ailes d\'or',84,554),(2154,'Titi à Paris',84,121),(2155,'Toc ! Toc ! Qui est là ?',84,338),(2156,'\"Toi grand, moi petit\"',84,121),(2157,'Tomi Ungerer',84,1076),(2158,'Ton histoire',84,144),(2159,'Tonino l\'invisible',84,74),(2160,'Totoche',84,220),(2161,'Tourterelle de Youssef Yousfine (la)',84,1078),(2162,'Tous les petits',84,144),(2163,'Tout change',84,40),(2164,'Tout en haut',84,159),(2165,'Tout est calme',84,177),(2166,'Toute petite bonne femme (la)',84,467),(2167,'Toutes les couleurs',84,432),(2168,'Toutes sortes de formes',84,222),(2169,'Toutou dit tout',84,125),(2170,'Trémolo',84,69),(2171,'Trente Haïkus rouges ou bleus',84,468),(2172,'Trois brigands (les)',84,69),(2173,'Trois courageux petits gorilles',84,1091),(2174,'Trois histoires folles de Monsieur Pol',84,90),(2175,'Trois loups (les)',84,319),(2176,'Trois ours (les)',84,467),(2177,'Trois sorcières',84,121),(2178,'Trois vaillants petits déchets (les)',84,1095),(2179,'Truc de fille ou truc de garçon ?',84,1096),(2180,'Tu m\'aimes ou tu m\'aimes pas ?',84,83),(2181,'Tu seras funambule comme papa !',84,283),(2182,'Tunnel (le)',84,40),(2183,'Ulysse aux mille ruses',84,177),(2184,'Un beau livre',84,125),(2185,'Un bisou pour…',84,169),(2186,'Un chat est un chat',84,121),(2187,'Un gâteau au goûter',84,286),(2188,'\"Un gorille, un livre à compter\"',84,40),(2189,'Un jour mon prince viendra',84,90),(2190,'Un jour un loup',84,121),(2191,'\"Un jour, je serai une grande sorcière\"',84,3),(2192,'Un loup génial',84,432),(2193,'Un monde de cochons',84,159),(2194,'Un papa à domicile',84,163),(2195,'Un petit frère pour Nina',84,981),(2196,'Un poisson est un poisson',84,554),(2197,'Un train passe',84,1120),(2198,'Une affreuse rage de dents',84,1123),(2199,'Une autre histoire',84,40),(2200,'Une belle journée',84,1126),(2201,'Une farce',84,158),(2202,'Une fois encore !',84,334),(2203,'Une histoire à grosse voix',84,175),(2204,'Une histoire à quatre voix',84,40),(2205,'Une histoire de caméléon',84,554),(2206,'Une histoire de vampire',84,121),(2207,'\"Une nuit, un chat\"',84,177),(2208,'Une soupe au caillou',84,111),(2209,'Vague (la)',84,1136),(2210,'Vallée des merveilles (la)',84,354),(2211,'Vampire du C.D.I. (le)',84,233),(2212,'\"Va-t\'en, grand monstre vert !\"',84,240),(2213,'Vélo de Jo (le)',84,1139),(2214,'Vélo rose (le)',84,144),(2215,'Vengeance de Cornebidouille (la)',84,393),(2216,'Vengeance de Germaine (la)',84,163),(2217,'Venture d\'Isée (la)',84,38),(2218,'Verdurette cherche un abri',84,125),(2219,'Vèzmô La sorcière',84,194),(2220,'Visite de petite mort (la)',84,90),(2221,'Voilà le loup !',84,432),(2222,'Voyage d\'Oregon (le)',84,103),(2223,'Wizzil',84,489),(2224,'Xavier-Laurent Petit',84,1153),(2225,'Zigomar n\'aime pas les légumes',84,75),(2226,'Zou',84,282),(2227,'Zou n\'a pas peur',84,282),(2228,'Grande aventure du petit magicien (la)',83,6),(2229,'Edouard et Armand. A la plage.',82,258),(2230,'A mots gourmands',81,50),(2231,'Mots des mois (les)',81,812),(2232,'Isidor Suzor',80,633),(2233,'A la volette',79,44),(2234,'A l\'ombre de l\'olivier',79,48),(2235,'A l\'ombre du flamboyant',79,49),(2236,'A quoi rêvent les vaches ?',79,53),(2237,'Alouette',79,92),(2238,'Attends...',79,145),(2239,'Au bois d\'Ardène',79,28),(2240,'Au dodo dis donc',79,154),(2241,'Aux marches du palais',79,174),(2242,'Bateau de Monsieur Zougloglou (le)',79,197),(2243,'Bateau de Monsieur Zougloglou (le)',79,197),(2244,'Bateau sur l\'eau',79,92),(2245,'Bonne bouillie (la)',79,197),(2246,'Bouche cousue',79,249),(2247,'Boucle d\'ours',79,252),(2248,'Bric-à-Brac',79,255),(2249,'Cache-cache fantômes',79,276),(2250,'Caprices ? C\'est fini !',79,154),(2251,'Ces livres qui font grandir les enfants',79,298),(2252,'Ces livres qui font grandir les enfants',79,298),(2253,'Ces livres qui font grandir les enfants',79,298),(2254,'Chat ventru (le)',79,327),(2255,'Chèvre biscornue (la)',79,336),(2256,'Cinq dans le lit',79,342),(2257,'Clarinha',79,30),(2258,'Cocotte qui tiptaptope (la)',79,197),(2259,'Cocotte tricote',79,59),(2260,'Culotte du loup (la)',79,252),(2261,'Dame Hiver',79,411),(2262,'Dans la petite maison verte',79,342),(2263,'Dans Paris',79,421),(2264,'Deux maisons (les)',79,454),(2265,'Deux oursons (les)',79,311),(2266,'Deux vies de Taro (les)',79,456),(2267,'Dictature des petites couettes (la)',79,465),(2268,'Din\'roa la vaillante',79,311),(2269,'Drôle de maladie de Petit Bonhomme (la)',79,154),(2270,'En attendant maman',79,504),(2271,'Et après…',79,169),(2272,'Faim de loup',79,532),(2273,'Fillettes et Gros Alligator',79,30),(2274,'Gégé et les moutons',79,564),(2275,'Gégé et les moutons',79,564),(2276,'Grenouille à grosse bouche (la)',79,590),(2277,'Gronouyot',79,252),(2278,'Gros goûter (le)',79,252),(2279,'Grosse faim de P\'tit Bonhomme (la)',79,154),(2280,'\"Helena, Ivan et les oies\"',79,30),(2281,'Introduction à la littérature de jeunesse',79,629),(2282,'J\'aime la galette',79,92),(2283,'Je t’aime tous les jours',79,169),(2284,'Jean Petit qui danse',79,174),(2285,'Lire et choisir ses albums',79,697),(2286,'Loup gris et la mouche',79,305),(2287,'Loup y es-tu ?',79,174),(2288,'Machin (le)',79,252),(2289,'Mais il est où ce Gros Matou ?',79,154),(2290,'Mare aux aveux (la)',79,385),(2291,'Marmite pleine d\'or (la)',79,311),(2292,'Masque (le)',79,252),(2293,'Meunier tu dors',79,28),(2294,'Miss Carabis Carabosse soldat',79,174),(2295,'Mon arbre',79,465),(2296,'Mon miel ma douceur',79,24),(2297,'Monsieur p\'tit sou',79,805),(2298,'Monstre et le bébé (le)',79,807),(2299,'Moufle (la)',79,816),(2300,'Musiciens de la Nouvelle-Brême (les)',79,154),(2301,'Nos beaux doudous',79,252),(2302,'\"Nous, ce qu\'on préfère…\"',79,169),(2303,'Ogre Babborco (l\')',79,30),(2304,'Ogresse et les sept chevreaux (l\')',79,807),(2305,'Oiseau et la pièce d\'or (l\')',79,851),(2306,'Où vont les heures de la nuit',79,161),(2307,'Ours qui lit',79,532),(2308,'Ourse (l\')',79,872),(2309,'Patience mon ange',79,883),(2310,'Patron et employé',79,74),(2311,'Pendant que le loup n\'y est pas',79,516),(2312,'Pestacle (le)',79,465),(2313,'Petit amour',79,849),(2314,'Petit ouistiti',79,92),(2315,'Petite fille et le loup',79,914),(2316,'Petite fille et le loup',79,915),(2317,'Petite Fourmi',79,92),(2318,'Petite poule rousse (la)',79,154),(2319,'Petite Poule Rousse et Ruse Renard Roux (la)',79,154),(2320,'Petits pains au nuage (les)',79,928),(2321,'Petits poissons dans l\'eau (les)',79,930),(2322,'Petits poissons dans l\'eau (les)',79,930),(2323,'Pierre et la sorcière',79,305),(2324,'\"Pirouette, cacahouette\"',79,174),(2325,'Pompon du lapin (le)',79,807),(2326,'Pou et la puce (le)',79,807),(2327,'Poussin et le chat (le)',79,807),(2328,'P\'tit Biscuit',79,564),(2329,'P\'tit bonhomme des bois (le)',79,154),(2330,'P\'tit bossu qui en avait plein l\'dos (le)',79,983),(2331,'P\'tit Quinquin (le)',79,174),(2332,'Purée de cochons',79,252),(2333,'\"Quel radis, dis donc !\"',79,807),(2334,'\"Quelle heure est-il, madame Persil ?\"',79,811),(2335,'\"Qui de l\'œuf, qui du poussin ?\"',79,30),(2336,'Ratoncita que buscaba un marido (la)',79,590),(2337,'Rouge-Gorge',79,154),(2338,'Roulé le loup !',79,807),(2339,'Secret (le)',79,516),(2340,'Souris et le voleur (la)',79,385),(2341,'Souris qui cherchait un mari (la)',79,590),(2342,'Souris qui cherchait un mari (la)',79,590),(2343,'\"Ssi j\'te mords, t\'es mort\"',79,154),(2344,'Taureau bleu (le)',79,197),(2345,'Téléfon (le)',79,1070),(2346,'Tout petit os (le)',79,311),(2347,'Tout va très bien madame la Marquise',79,1083),(2348,'\"Toute petite, petite bonne femme (la)\"',79,311),(2349,'Trois boucs (les)',79,311),(2350,'Trois petits pourceaux (les)',79,197),(2351,'Tu te crois le lion ?',79,1101),(2352,'Un éléphant qui…',79,174),(2353,'Un grand cerf',79,92),(2354,'Une poule sur un mur',79,1130),(2355,'Une souris verte',79,174),(2356,'Vaches de Noël (les)',79,53),(2357,'\"Vogue, vogue mon bateau\"',79,1148),(2358,'Voilà voilà',79,465),(2359,'Voyage de l\'âne (le)',79,1151),(2360,'Y\'a une pie dans l\'poirier',79,92),(2361,'Au bonheur des comptines',78,148),(2362,'Enfant de la lune rouge (l\')',78,367),(2363,'Une enfance au pays des livres',78,501),(2364,'Gontran le loup gourmand',77,567),(2365,'Henry et la liberté',76,599),(2366,'Jardin du dedans-dehors (le)',76,642),(2367,'Aller-retour',75,5),(2368,'Ma nouvelle boîte à histoires',75,233),(2369,'Ma petite chambre',75,719),(2370,'Miss Cocotte',75,24),(2371,'Mon île',75,794),(2372,'A moitié',74,43),(2373,'J\'aimerais te dire',74,43),(2374,'Je ferai des miracles',74,233),(2375,'Albums',73,86),(2376,'Ile de Ti Jean (l\')',72,619),(2377,'Mystère de Lala Zoba',72,820),(2378,'Des vagues',71,446),(2379,'Doux rêveurs',71,446),(2380,'Heure bleue',71,446),(2381,'Méchant Méchant',71,753),(2382,'Mon escargot domestique',71,446),(2383,'Plume',71,446),(2384,'Marche le monde',70,745),(2385,'\"Chaperon rouge, collection privée\"',69,317),(2386,'Drôle de Kâ',68,487),(2387,'Pied à l\'encrier (le)',67,6),(2388,'Bonne nuit hibou',66,238),(2389,'Ca pourrait être pire',66,269),(2390,'Château de cartes',66,74),(2391,'De l\'autre côté du mur',66,428),(2392,'Incroyable histoire de Jemmy Button (l\')',66,627),(2393,'Ita-Rose',66,377),(2394,'\"Jojo, oiseau de nuit\"',66,612),(2395,'Petite grenouille qui avait mal... (la)',66,916),(2396,'Petite grenouille qui avait mal... (la)',66,916),(2397,'Pourquoi les zèbres sont-ils en pyjama ?',66,970),(2398,'Roi de la Grande Savane (le)',66,916),(2399,'Tout petit très grand',66,1082),(2400,'Triomphe du zéro (le)',66,74),(2401,'Trois cochons (les)',66,804),(2402,'Jardin de poèmes enfantins',65,641),(2403,'Masque de la Montagne blanche (le)',64,98),(2404,'A l\'aube du buisson',63,45),(2405,'Dans ma maison',63,420),(2406,'Encore un coquelicot',63,79),(2407,'Il y a le monde',63,79),(2408,'Leurs mains',63,692),(2409,'Petits malheurs (les)',63,927),(2410,'Poèmes pour grandir',63,45),(2411,'Pour que le soir te prenne par la main',63,967),(2412,'Remarques',63,1013),(2413,'Sans frontières fixes',63,45),(2414,'Un homme sans manteau',63,45),(2415,'100 poèmes du monde pour les enfants',62,14),(2416,'Archiviste du vent',62,136),(2417,'Yuni et Amélie',61,1156),(2418,'Conte en bibliothèque (le)',60,371),(2419,'Escales en littérature de jeunesse',60,518),(2420,'Calder Fishbones',59,281),(2421,'Marche ou rêve',58,746),(2422,'\"Dodo, la marmotte qui ne voulait pas dormir\"',57,477),(2423,'\"Patachon, le mille-pattes désordonné\"',57,477),(2424,'17 contes d\'Algérie',56,18),(2425,'19 fables de renard',56,20),(2426,'Contes et fables d\'Afrique',56,387),(2427,'Merveilleux voyage de Nils Holgerson (le)',56,766),(2428,'\"Tu m\'aimes, dis ?\"',55,1099),(2429,'Belle et la Bête (la)',54,207),(2430,'Bili-Bili',54,218),(2431,'Boubou et grand-père',54,248),(2432,'Broutille',54,258),(2433,'Ce type est un vautour',54,51),(2434,'Coffre enchanté (le)',54,353),(2435,'Comptines en trompe l\'œil',54,367),(2436,'Comptines pour nasiller comme un canard',54,367),(2437,'Comptines pour ne pas bredouiller',54,367),(2438,'Comptines pour que les consonnes sonnent',54,367),(2439,'Comptines pour que les voyelles s\'emmêlent',54,367),(2440,'De quelle couleur est le vent ?',54,258),(2441,'Deux arbres (les)',54,97),(2442,'Deux petits chiens',54,455),(2443,'Devant ma maison',54,458),(2444,'Edouard et Armand',54,258),(2445,'Ernest et Célestine au cirque',54,517),(2446,'Fille des batailles (la)',54,542),(2447,'Galette et la grande ourse (la)',54,258),(2448,'Gaston grognon',54,559),(2449,'Grand Blanc',54,82),(2450,'Grande méchante Lou (la)',54,486),(2451,'Heure vide (l\')',54,258),(2452,'Homme qui allumait les étoiles (l\')',54,193),(2453,'Longtemps',54,193),(2454,'Loup noir',54,82),(2455,'Lundi',54,258),(2456,'Maison des bisous (la)',54,732),(2457,'Moindres petites choses (les)',54,258),(2458,'Oiseau-livre (l\')',54,97),(2459,'Papa qui avait dix enfants (le)',54,647),(2460,'Peintre et les cygnes sauvages (le)',54,193),(2461,'Petit Marcel Proust (le)',54,899),(2462,'Petit nuage',54,24),(2463,'Petit souci (le)',54,258),(2464,'Pomme de reinette et pomme d\'api',54,960),(2465,'Pour être un grand méchant loup',54,647),(2466,'Pour jouer avec la langue',54,966),(2467,'Pouvoir des contes (le)',54,50),(2468,'Que fait la lune la nuit',54,258),(2469,'Questions de Célestine (les)',54,996),(2470,'Qui a piqué les contrôles de Français ?',54,486),(2471,'Qui est-ce qui ?',54,1001),(2472,'Sauvage',54,1040),(2473,'Silencio',54,258),(2474,'Tournée du Facteur Souris (la)',54,458),(2475,'Une histoire grande comme la main',54,258),(2476,'Ville abandonnée (la)',54,193),(2477,'Château de sable (le)',53,328),(2478,'Ode à un oignon',53,843),(2479,'Refuge (le)',53,1009),(2480,'\"Sur le nez du chiot, une sauterelle…\"',53,1063),(2481,'Vilain dessin',53,1144),(2482,'Je vous écris comme je vous aime',52,97),(2483,'Poésie (la)',51,6),(2484,'50 ans de littérature pour la jeunesse',50,6),(2485,'\"Méchants, des personnages… (les)\"',49,6),(2486,'Et voilà le travail',48,6),(2487,'Littérature du grand large',47,6),(2488,'Pauvreté à l\'œuvre (la)',46,6),(2489,'Des sourires et des pommes',45,445),(2490,'Je vous aime',44,657),(2491,'Petits poèmes en rang par trois',44,657),(2492,'Lune n\'est lune que pour le chat',43,715),(2493,'Du côté des frères Grimm…',42,6),(2494,'Anna qui chante',41,116),(2495,'Eric et le pipeau magique',40,516),(2496,'Homme de couleur !',40,6),(2497,'Je ne peux pas m\'habiller',40,321),(2498,'Je suis né tigre',40,252),(2499,'Laisse rouge (la)',40,51),(2500,'Petit bonheur',40,83),(2501,'Petite casserole d\'Anatole (l\')',40,913),(2502,'Petite mauvaise humeur (la)',40,913),(2503,'Quatre petits coins de rien du tout',40,991),(2504,'Livres en forme de pop-up et Cie',39,6),(2505,'\"Lire, est-ce bien sérieux ?\"',38,6),(2506,'Tu lis déjà ? tu lis quoi ?',38,6),(2507,'Nuit du visiteur (la)',37,838),(2508,'Un poème pour vivre',36,838),(2509,'Il était une chaise',35,612),(2510,'Une vie merveilleuse',35,1133),(2511,'Croque Lapin (le)',34,257),(2512,'Qui a vu Mister Cat ?',34,1000),(2513,'4 saisons de Loup (Les)',33,31),(2514,'Eloge de la lecture',33,501),(2515,'Madame Hortense',33,722),(2516,'Sindbad le marin',33,1046),(2517,'101 poèmes pour les petits',32,6),(2518,'Chant du sorcier (le)',32,83),(2519,'\"Coucou ! C\'est moi, Turlututu\"',32,344),(2520,'Couleurs',32,344),(2521,'Deux familles pour Lulu',32,451),(2522,'Dragons de Nalsara (les). Le troisième œuf',32,485),(2523,'Drôle de cadeau',32,486),(2524,'Enquêtes de l\'inspecteur Ratichou (les)',32,486),(2525,'Feuileton d\'Hermès (le)',32,540),(2526,'Histoire des livres pour enfants',32,604),(2527,'J\'arrive !',32,344),(2528,'Larmes (les)',32,682),(2529,'Petit ou grand ?',32,344),(2530,'Poèmes',32,885),(2531,'Poèmes',32,511),(2532,'Poulou et Sébastien',32,964),(2533,'Sans titre',32,344),(2534,'Sous le toit de mes doigts',32,1056),(2535,'Un livre',32,344),(2536,'Une baignoire bien remplie',32,561),(2537,'40 petits contes',31,32),(2538,'60 poésies et comptines',31,33),(2539,'\"Bonne nuit, Julien!\"',31,239),(2540,'\"En avant, petit train !\"',31,505),(2541,'Grand-mère arrose la lune',31,586),(2542,'Loup vert (le)',31,219),(2543,'Même pas peur !',31,762),(2544,'Ogre qui avait peur des enfants (l\')',31,485),(2545,'Poèmes',31,134),(2546,'Rentrée de la petite sorcière (la)',31,244),(2547,'Sorcière qui rapetissait les enfants (la)',31,1050),(2548,'Tsin-Line',30,1097),(2549,'Devant chez moi',29,457),(2550,'Iota la vache',29,631),(2551,'Trognon à l\'école de la chair de trouille',29,1089),(2552,'Une maison à hanter',29,340),(2553,'Dans la maison de poupée',28,416),(2554,'Mots ont des visages (les)',28,813),(2555,'Pour dormir',28,169),(2556,'999 têtards',27,37),(2557,'ABC bestiaire',27,58),(2558,'Dans le ventre du poisson',27,169),(2559,'Jour de pluie',27,357),(2560,'Ma balle perdue',27,51),(2561,'Mon amour',27,343),(2562,'Mon lion',27,173),(2563,'Quand Maman avait mon âge',27,988),(2564,'Quand Papa avait mon âge',27,988),(2565,'Reine des couleurs (la)',27,108),(2566,'Un lion à Paris',27,343),(2567,'\"Vite, vite, chère Marie !\"',27,1146),(2568,'Sorcier du fleuve (le)',26,820),(2569,'Eléphant d\'eau',25,497),(2570,'Lilas',25,497),(2571,'Libellule',24,76),(2572,'Prince au petit pois (le)',24,974),(2573,'Abominable Monsieur Schteuple (l\')',23,63),(2574,'\"Alors, ça mord ?\"',23,91),(2575,'Big bang pop !',23,216),(2576,'Encore des questions ?',23,127),(2577,'Grand et petit',23,153),(2578,'Java martienne (la)',23,447),(2579,'Je ne m\'appelle pas Bernard !',23,216),(2580,'Loup du Louvre (le)',23,28),(2581,'Monstre des toilettes (le)',23,806),(2582,'Œil pour œil',23,844),(2583,'Petit ange',23,127),(2584,'Petite poule rousse (la)',23,91),(2585,'Raoul la Terreur',23,216),(2586,'Tout neuf !',23,781),(2587,'Tout petit (le)',23,28),(2588,'Tracas de Blaise (le)',23,214),(2589,'Détournements de contes (Les)',22,450),(2590,'Histoire sans fin des Mafous et des Ratafous (l\')',21,13),(2591,'Aux petits enfants les grands livres',20,6),(2592,'Mot mot (le)',19,811),(2593,'\"Album, une littérature pour tous les publics (L\')\"',18,6),(2594,'Nasreddine Hodja',17,824),(2595,'Cadeau (le)',16,277),(2596,'C\'est un jardin',16,308),(2597,'Imagier d\'Afrique',16,624),(2598,'Je veux un cocodrile !',16,277),(2599,'Oiseau de feu (l\')',16,848),(2600,'Peur de rien',16,931),(2601,'\"Poils, plumes et mots\"',16,955),(2602,'\"Caïman, le chasseur et le lièvre (le)\"',15,278),(2603,'Qui a mangé la petite bête ?',14,308),(2604,'Loup et le chevreau (le)',13,709),(2605,'Dent (la)',12,434),(2606,'Et l\'homme rit !',12,522),(2607,'Métamorfoses',12,767),(2608,'Voisin lit un livre (le)',12,1149),(2609,'On me cache quelque chose',11,859),(2610,'Petites émotions (les)',11,925),(2611,'Méli-Mélo',10,757),(2612,'31 boîtes',9,29),(2613,'Amoureux du palais de glace (les)',9,24),(2614,'Cache-cache dans la jungle !',9,272),(2615,'C\'est pas juste !',9,24),(2616,'\"C\'est quoi, la mort ?\"',9,24),(2617,'Comptine des perroquets (la)',9,266),(2618,'Contes de chevaux',9,377),(2619,'\"Coucou, qui se cache ?\"',9,397),(2620,'Danse d\'hiver (la)',9,424),(2621,'Dedans dehors',9,431),(2622,'Eté de Garmann (l\')',9,525),(2623,'Grand sommeil et petits lits',9,580),(2624,'Grand-Pa',9,588),(2625,'Gulliver',9,595),(2626,'Je te croquerai',9,272),(2627,'Jungle Blues',9,674),(2628,'Kalila et Dimna',9,676),(2629,'Lili Plume',9,694),(2630,'Maman Ours',9,738),(2631,'Mandarine cherche son papa',9,743),(2632,'Manège de Petit Pierre (le)',9,24),(2633,'\"Mange, mon ange !\"',9,744),(2634,'Moi Dieu Merci qui vis ici',9,243),(2635,'Mon beau soleil',9,694),(2636,'Mon bébé croco',9,737),(2637,'Orchestre recyclé (l\')',9,24),(2638,'Où habite Mimi ?',9,272),(2639,'Ours blanc a perdu sa culotte',9,868),(2640,'\"Parle-moi, petit chat !\"',9,24),(2641,'Paroles de résistances',9,24),(2642,'Petit Chaperon rouge a des soucis (le)',9,893),(2643,'Petit Hippopotamtam',9,897),(2644,'Pomelo grandit',9,959),(2645,'Quand les poètes s\'amusent',9,468),(2646,'Quatre coqs coquets',9,468),(2647,'Robe rouge de Nonna (la)',9,24),(2648,'Ruban (le)',9,579),(2649,'\"Sagesses et malices de Nasreddine, le fou qui était sage\"',9,385),(2650,'Saisons',9,1031),(2651,'Tani',9,551),(2652,'Trois petits morceaux de nuit',9,1092),(2653,'Un chat dans la nuit',9,1110),(2654,'\"Une feuille, un arbre\"',9,1127),(2655,'Une petite oie pas si bête',9,1129),(2656,'Voix d\'or de l\'Afrique (la)',9,24),(2657,'Wahid',9,243),(2658,'Anti-livre de lecture (l\')',8,97),(2659,'Bon canapé (le)',8,229),(2660,'Enfant qui retrouva le sourire (l\')',8,468),(2661,'Fabuleux désastre d\'Harold Snipperpott',8,343),(2662,'Fée Coquillette aime les histoires d\'amour (la)',8,142),(2663,'Forêt de Cœur-Bouliki (la)',8,551),(2664,'Gentil facteur (le)',8,221),(2665,'Grand match (le)',8,576),(2666,'Grand serpent (le)',8,579),(2667,'Jour où la mer a disparu (le)',8,670),(2668,'Magasin zinzin',8,726),(2669,'Maman-dlo',8,551),(2670,'Manège de Petit Pierre (le)',8,24),(2671,'Mes premières charades',8,468),(2672,'Petit poisson de rien du tout',8,904),(2673,'Petites malices de Nasreddine (les)',8,385),(2674,'Philofables pour vivre ensemble',8,24),(2675,'Pirate de cœur (le)',8,943),(2676,'Pomelo et l\'incroyable trésor',8,959),(2677,'Pomelo se demande',8,959),(2678,'Qui lit petit lit toute la vie',8,377),(2679,'Récits fabuleux de la mythologie',8,24),(2680,'Tigre qui s\'invita pour le thé (le)',8,1073),(2681,'Ton porc te ment tôt',8,468),(2682,'Un grand jour de rien',8,343),(2683,'Achile et la rivière',6,67),(2684,'\"Aïko, la jeune fille à l\'éventail\"',6,80),(2685,'Bureau des papas perdus (le)',6,262),(2686,'Cendrillon au musée',6,297),(2687,'Chez moi',6,73),(2688,'Comptines au long des rues',6,244),(2689,'Contes de Russie',6,6),(2690,'\"Docteur, j\'en ai peur ! (le)\"',6,476),(2691,'Graine en couleurs (la)',6,569),(2692,'J\'en rêvais depuis longtemps',6,306),(2693,'Jérôme par cœur',6,244),(2694,'Mon petit papa fait des cauchemars',6,800),(2695,'Nouveau de la classe (le)',6,833),(2696,'Paloma et le vaste monde',6,875),(2697,'Qui quoi quoi qui',6,306),(2698,'Rose bonbon',6,1025),(2699,'Très petite Zébuline (la)',6,875),(2700,'Anthologie de poésie arabe contemporaine',5,6),(2701,'Contes des indiens des Chiapas',5,382),(2702,'Contes et mythes des Maasaï',5,388),(2703,'\"Couleurs, lumières et reflets\"',5,377),(2704,'\"Mots perdus, mots retrouvés\"',5,377),(2705,'Nuit (la)',5,835),(2706,'Rond rouge',5,146),(2707,'Stylo à cancre (le)',5,433),(2708,'\"Un arbre, une histoire\"',5,1105),(2709,'Une pluie de poésie',5,377),(2710,'Vie qui déraille (la)',5,1142),(2711,'\"Premiers récits, premières conquêtes\"',4,971),(2712,'Electrico 28',3,73),(2713,'Un monde à tomber par terre',2,1116),(2714,'Attends-moi !',1,146),(2715,'Bienvenue',1,214),(2716,'\"Calamity Jane, l\'indomptable\"',1,279),(2717,'\"Conti, conta, comptines\"',1,391),(2718,'D\'une rive à l\'autre',1,419),(2719,'D\'une rive à l\'autre',1,419),(2720,'Picoti... tous partis ?',1,936),(2721,'Rose cochon',1,1026),(2722,'\"Sur un toit, un chat\"',1,419),(2723,'Un tour de cochons',1,936);
/*!40000 ALTER TABLE `book` ENABLE KEYS */;
UNLOCK TABLES;

--
-- Table structure for table `book_copies`
--

DROP TABLE IF EXISTS `book_copies`;
/*!40101 SET @saved_cs_client     = @@character_set_client */;
/*!50503 SET character_set_client = utf8mb4 */;
CREATE TABLE `book_copies` (
  `id` int NOT NULL AUTO_INCREMENT,
  `book_id` int NOT NULL,
  `library_branch_id` int NOT NULL,
  `no_of_copies` int NOT NULL,
  PRIMARY KEY (`id`),
  KEY `book_id` (`book_id`),
  KEY `library_branch_id` (`library_branch_id`),
  CONSTRAINT `book_copies_ibfk_1` FOREIGN KEY (`book_id`) REFERENCES `book` (`id`),
  CONSTRAINT `book_copies_ibfk_2` FOREIGN KEY (`library_branch_id`) REFERENCES `library_branch` (`id`)
) ENGINE=InnoDB AUTO_INCREMENT=5399 DEFAULT CHARSET=utf8mb4 COLLATE=utf8mb4_0900_ai_ci;
/*!40101 SET character_set_client = @saved_cs_client */;

--
-- Dumping data for table `book_copies`
--

LOCK TABLES `book_copies` WRITE;
/*!40000 ALTER TABLE `book_copies` DISABLE KEYS */;
INSERT INTO `book_copies` VALUES (1,1,1,7),(2,2,1,26),(3,3,1,12),(4,4,1,43),(5,5,1,28),(6,6,1,26),(7,7,1,33),(8,8,1,50),(9,9,1,31),(10,10,1,43),(11,11,1,49),(12,12,1,8),(13,13,1,22),(14,14,1,16),(15,15,1,24),(16,16,1,1),(17,17,1,38),(18,18,1,25),(19,19,1,20),(20,20,1,22),(21,21,1,5),(22,22,1,46),(23,23,1,5),(24,24,1,34),(25,25,1,1),(26,26,1,37),(27,27,1,33),(28,28,1,29),(29,29,1,29),(30,30,1,20),(31,31,1,10),(32,32,1,14),(33,33,1,37),(34,34,1,27),(35,35,1,26),(36,36,1,5),(37,37,1,27),(38,38,1,11),(39,39,1,21),(40,40,1,25),(41,41,1,2),(42,42,1,11),(43,43,1,17),(44,44,1,34),(45,45,1,18),(46,46,1,43),(47,47,1,6),(48,48,1,50),(49,49,1,13),(50,50,1,6),(51,51,1,38),(52,52,1,26),(53,53,1,47),(54,54,1,36),(55,55,1,19),(56,56,1,12),(57,57,1,38),(58,58,1,10),(59,59,1,14),(60,60,1,3),(61,61,1,8),(62,62,1,37),(63,63,1,7),(64,64,1,1),(65,65,1,37),(66,66,1,5),(67,67,1,36),(68,68,1,47),(69,69,1,35),(70,70,1,1),(71,71,1,45),(72,72,1,48),(73,73,1,26),(74,74,1,16),(75,75,1,13),(76,76,1,40),(77,77,1,46),(78,78,1,17),(79,79,1,35),(80,80,1,25),(81,81,1,12),(82,82,1,26),(83,83,1,27),(84,84,1,40),(85,85,1,39),(86,86,1,35),(87,87,1,46),(88,88,1,18),(89,89,1,8),(90,90,1,37),(91,91,1,49),(92,92,1,27),(93,93,1,18),(94,94,1,11),(95,95,1,18),(96,96,1,29),(97,97,1,4),(98,98,1,39),(99,99,1,17),(100,100,1,46),(101,101,1,47),(102,102,1,32),(103,103,1,21),(104,104,1,18),(105,105,1,1),(106,106,1,12),(107,107,1,7),(108,108,1,15),(109,109,1,48),(110,110,1,35),(111,111,1,33),(112,112,1,27),(113,113,1,40),(114,114,1,25),(115,115,1,24),(116,116,1,34),(117,117,1,32),(118,118,1,47),(119,119,1,37),(120,120,1,19),(121,121,1,50),(122,122,1,22),(123,123,1,24),(124,124,1,42),(125,125,1,21),(126,126,1,37),(127,127,1,32),(128,128,1,43),(129,129,1,9),(130,130,1,32),(131,131,1,7),(132,132,1,45),(133,133,1,4),(134,134,1,31),(135,135,1,40),(136,136,1,41),(137,137,1,30),(138,138,1,27),(139,139,1,25),(140,140,1,29),(141,141,1,40),(142,142,1,4),(143,143,1,19),(144,144,1,33),(145,145,1,35),(146,146,1,25),(147,147,1,28),(148,148,1,39),(149,148,1,39),(150,150,1,37),(151,151,1,41),(152,152,1,13),(153,153,1,5),(154,154,1,4),(155,155,1,1),(156,156,1,2),(157,157,1,13),(158,158,1,2),(159,159,1,23),(160,160,1,18),(161,161,1,3),(162,162,1,39),(163,163,1,42),(164,164,1,14),(165,165,1,21),(166,166,1,22),(167,167,1,47),(168,168,1,43),(169,169,1,18),(170,170,1,6),(171,171,1,26),(172,172,1,6),(173,173,1,21),(174,174,1,17),(175,175,1,22),(176,176,1,23),(177,177,1,3),(178,178,1,33),(179,179,1,13),(180,180,1,41),(181,181,1,2),(182,182,1,18),(183,183,1,11),(184,184,1,26),(185,185,1,2),(186,186,1,31),(187,187,1,20),(188,188,1,27),(189,189,1,20),(190,190,1,37),(191,191,1,49),(192,192,1,27),(193,193,1,35),(194,194,1,49),(195,195,1,5),(196,196,1,18),(197,197,1,29),(198,198,1,46),(199,199,1,34),(200,200,1,6),(201,201,1,25),(202,202,1,10),(203,203,1,40),(204,204,1,16),(205,205,1,12),(206,206,1,35),(207,207,1,17),(208,208,1,29),(209,209,1,19),(210,210,1,10),(211,211,1,8),(212,212,1,32),(213,213,1,50),(214,214,1,6),(215,215,1,31),(216,216,1,29),(217,217,1,43),(218,218,1,47),(219,219,1,25),(220,220,1,23),(221,221,1,14),(222,222,1,34),(223,223,1,15),(224,224,1,14),(225,225,1,31),(226,226,1,39),(227,227,1,33),(228,228,1,3),(229,229,1,21),(230,230,1,49),(231,231,1,48),(232,232,1,5),(233,233,1,44),(234,234,1,37),(235,235,1,17),(236,236,1,23),(237,237,1,39),(238,238,1,38),(239,239,1,21),(240,240,1,43),(241,241,1,35),(242,242,1,3),(243,243,1,41),(244,244,1,27),(245,245,1,44),(246,246,1,33),(247,247,1,49),(248,248,1,5),(249,249,1,6),(250,250,1,34),(251,251,1,38),(252,252,1,14),(253,253,1,29),(254,254,1,28),(255,254,1,50),(256,256,1,37),(257,257,1,41),(258,258,1,36),(259,259,1,42),(260,260,1,48),(261,261,1,17),(262,262,1,17),(263,263,1,1),(264,264,1,17),(265,265,1,32),(266,266,1,46),(267,267,1,41),(268,268,1,49),(269,269,1,42),(270,270,1,37),(271,271,1,2),(272,272,1,38),(273,273,1,10),(274,274,1,37),(275,275,1,36),(276,276,1,43),(277,277,1,10),(278,278,1,22),(279,279,1,28),(280,280,1,41),(281,281,1,12),(282,282,1,26),(283,283,1,11),(284,284,1,39),(285,285,1,50),(286,286,1,36),(287,287,1,1),(288,288,1,18),(289,289,1,40),(290,290,1,40),(291,291,1,9),(292,292,1,21),(293,293,1,43),(294,294,1,44),(295,295,1,10),(296,296,1,39),(297,297,1,6),(298,298,1,47),(299,299,1,3),(300,300,1,49),(301,301,1,40),(302,302,1,44),(303,303,1,45),(304,304,1,3),(305,305,1,43),(306,306,1,21),(307,307,1,33),(308,308,1,41),(309,308,1,4),(310,310,1,28),(311,311,1,8),(312,312,1,26),(313,313,1,2),(314,314,1,25),(315,315,1,23),(316,316,1,4),(317,317,1,13),(318,318,1,11),(319,319,1,29),(320,320,1,9),(321,321,1,1),(322,322,1,14),(323,323,1,20),(324,324,1,50),(325,325,1,14),(326,326,1,45),(327,327,1,30),(328,327,1,17),(329,327,1,3),(330,330,1,10),(331,331,1,42),(332,332,1,48),(333,333,1,9),(334,334,1,10),(335,335,1,40),(336,336,1,35),(337,337,1,23),(338,337,1,20),(339,339,1,18),(340,340,1,28),(341,341,1,29),(342,342,1,35),(343,343,1,26),(344,344,1,11),(345,345,1,26),(346,346,1,41),(347,347,1,9),(348,348,1,5),(349,349,1,10),(350,350,1,14),(351,351,1,25),(352,352,1,18),(353,353,1,21),(354,354,1,30),(355,355,1,30),(356,356,1,13),(357,357,1,41),(358,358,1,43),(359,359,1,16),(360,360,1,37),(361,361,1,48),(362,362,1,20),(363,363,1,44),(364,364,1,46),(365,365,1,27),(366,366,1,24),(367,367,1,26),(368,368,1,50),(369,369,1,42),(370,369,1,33),(371,371,1,10),(372,372,1,26),(373,373,1,18),(374,374,1,27),(375,375,1,6),(376,376,1,33),(377,377,1,47),(378,378,1,36),(379,379,1,33),(380,380,1,10),(381,381,1,17),(382,382,1,38),(383,383,1,40),(384,384,1,1),(385,385,1,19),(386,386,1,36),(387,387,1,35),(388,388,1,32),(389,389,1,41),(390,390,1,11),(391,391,1,35),(392,392,1,35),(393,393,1,44),(394,394,1,16),(395,395,1,2),(396,396,1,26),(397,397,1,26),(398,398,1,20),(399,399,1,47),(400,400,1,6),(401,401,1,21),(402,402,1,35),(403,403,1,14),(404,404,1,47),(405,405,1,27),(406,406,1,7),(407,407,1,5),(408,408,1,4),(409,409,1,3),(410,410,1,32),(411,411,1,39),(412,411,1,49),(413,413,1,25),(414,414,1,3),(415,415,1,18),(416,416,1,11),(417,417,1,36),(418,417,1,28),(419,417,1,8),(420,420,1,33),(421,421,1,11),(422,422,1,32),(423,423,1,50),(424,424,1,10),(425,425,1,13),(426,426,1,24),(427,427,1,46),(428,428,1,34),(429,429,1,8),(430,430,1,4),(431,431,1,27),(432,432,1,32),(433,433,1,43),(434,434,1,37),(435,435,1,43),(436,436,1,38),(437,437,1,46),(438,438,1,43),(439,439,1,28),(440,440,1,7),(441,441,1,39),(442,442,1,35),(443,443,1,50),(444,444,1,29),(445,445,1,41),(446,446,1,12),(447,447,1,5),(448,448,1,16),(449,448,1,11),(450,450,1,35),(451,451,1,41),(452,452,1,21),(453,453,1,24),(454,454,1,19),(455,455,1,11),(456,456,1,9),(457,457,1,7),(458,458,1,13),(459,459,1,28),(460,460,1,12),(461,461,1,25),(462,462,1,40),(463,463,1,47),(464,464,1,26),(465,465,1,4),(466,465,1,5),(467,467,1,38),(468,468,1,31),(469,469,1,14),(470,470,1,12),(471,471,1,45),(472,472,1,11),(473,473,1,46),(474,474,1,20),(475,475,1,45),(476,476,1,44),(477,477,1,50),(478,478,1,11),(479,479,1,7),(480,480,1,22),(481,481,1,2),(482,482,1,26),(483,483,1,12),(484,484,1,12),(485,484,1,20),(486,486,1,45),(487,487,1,8),(488,488,1,14),(489,489,1,28),(490,490,1,11),(491,491,1,20),(492,492,1,5),(493,493,1,21),(494,494,1,45),(495,495,1,47),(496,496,1,15),(497,497,1,27),(498,498,1,36),(499,498,1,15),(500,500,1,14),(501,501,1,5),(502,502,1,21),(503,503,1,34),(504,504,1,41),(505,505,1,10),(506,506,1,22),(507,507,1,35),(508,508,1,13),(509,509,1,31),(510,510,1,29),(511,511,1,23),(512,512,1,18),(513,513,1,38),(514,514,1,15),(515,515,1,2),(516,516,1,33),(517,517,1,30),(518,518,1,41),(519,519,1,42),(520,520,1,5),(521,521,1,16),(522,522,1,29),(523,523,1,32),(524,524,1,18),(525,525,1,37),(526,526,1,2),(527,527,1,29),(528,528,1,23),(529,529,1,34),(530,530,1,5),(531,531,1,17),(532,532,1,6),(533,533,1,22),(534,534,1,28),(535,535,1,27),(536,536,1,20),(537,537,1,32),(538,538,1,4),(539,539,1,7),(540,540,1,24),(541,541,1,50),(542,542,1,11),(543,543,1,27),(544,544,1,24),(545,545,1,21),(546,546,1,41),(547,547,1,31),(548,548,1,31),(549,549,1,43),(550,550,1,4),(551,551,1,3),(552,552,1,19),(553,553,1,38),(554,554,1,8),(555,555,1,34),(556,556,1,47),(557,557,1,24),(558,558,1,34),(559,559,1,30),(560,560,1,8),(561,561,1,35),(562,562,1,23),(563,563,1,28),(564,564,1,48),(565,565,1,1),(566,566,1,34),(567,567,1,18),(568,568,1,11),(569,569,1,50),(570,570,1,22),(571,571,1,36),(572,572,1,39),(573,573,1,4),(574,574,1,27),(575,574,1,26),(576,576,1,7),(577,577,1,42),(578,578,1,1),(579,579,1,4),(580,580,1,43),(581,581,1,50),(582,582,1,15),(583,583,1,12),(584,584,1,39),(585,585,1,3),(586,586,1,16),(587,587,1,44),(588,587,1,11),(589,589,1,27),(590,590,1,37),(591,591,1,5),(592,591,1,5),(593,593,1,26),(594,594,1,1),(595,595,1,3),(596,596,1,10),(597,597,1,37),(598,598,1,34),(599,599,1,44),(600,600,1,35),(601,601,1,37),(602,602,1,10),(603,603,1,47),(604,604,1,13),(605,605,1,31),(606,606,1,38),(607,607,1,23),(608,608,1,9),(609,609,1,15),(610,610,1,5),(611,611,1,24),(612,612,1,37),(613,613,1,43),(614,614,1,22),(615,615,1,25),(616,616,1,28),(617,617,1,32),(618,618,1,16),(619,619,1,29),(620,620,1,10),(621,621,1,22),(622,622,1,32),(623,623,1,22),(624,624,1,33),(625,625,1,49),(626,626,1,34),(627,627,1,9),(628,628,1,4),(629,629,1,11),(630,630,1,28),(631,631,1,13),(632,632,1,41),(633,633,1,46),(634,633,1,30),(635,635,1,50),(636,636,1,28),(637,637,1,36),(638,638,1,27),(639,639,1,40),(640,640,1,35),(641,641,1,22),(642,642,1,33),(643,643,1,9),(644,644,1,2),(645,645,1,28),(646,646,1,37),(647,647,1,6),(648,648,1,44),(649,649,1,41),(650,650,1,46),(651,651,1,16),(652,652,1,33),(653,653,1,23),(654,654,1,23),(655,655,1,20),(656,656,1,22),(657,657,1,23),(658,658,1,46),(659,659,1,27),(660,660,1,15),(661,661,1,37),(662,662,1,4),(663,663,1,10),(664,664,1,46),(665,665,1,27),(666,666,1,28),(667,667,1,35),(668,668,1,36),(669,669,1,22),(670,670,1,37),(671,671,1,12),(672,672,1,7),(673,673,1,11),(674,674,1,13),(675,675,1,34),(676,676,1,17),(677,677,1,3),(678,678,1,41),(679,679,1,49),(680,680,1,49),(681,681,1,36),(682,682,1,4),(683,683,1,20),(684,684,1,34),(685,685,1,1),(686,686,1,22),(687,687,1,29),(688,688,1,40),(689,689,1,24),(690,690,1,42),(691,691,1,20),(692,692,1,41),(693,693,1,18),(694,694,1,18),(695,695,1,2),(696,696,1,30),(697,697,1,9),(698,698,1,9),(699,698,1,26),(700,700,1,17),(701,701,1,43),(702,702,1,30),(703,703,1,36),(704,704,1,29),(705,705,1,23),(706,706,1,8),(707,707,1,18),(708,708,1,13),(709,709,1,47),(710,710,1,7),(711,711,1,27),(712,712,1,44),(713,713,1,24),(714,713,1,7),(715,715,1,30),(716,716,1,21),(717,717,1,6),(718,718,1,31),(719,719,1,4),(720,720,1,44),(721,721,1,36),(722,722,1,30),(723,723,1,8),(724,724,1,48),(725,725,1,18),(726,726,1,3),(727,727,1,16),(728,728,1,1),(729,729,1,34),(730,730,1,16),(731,731,1,1),(732,732,1,45),(733,733,1,10),(734,734,1,3),(735,735,1,39),(736,736,1,11),(737,737,1,18),(738,738,1,17),(739,739,1,44),(740,740,1,18),(741,740,1,15),(742,742,1,32),(743,743,1,41),(744,744,1,13),(745,745,1,36),(746,746,1,3),(747,747,1,9),(748,748,1,9),(749,749,1,14),(750,750,1,47),(751,751,1,23),(752,752,1,35),(753,753,1,18),(754,754,1,50),(755,755,1,13),(756,756,1,34),(757,757,1,43),(758,757,1,31),(759,759,1,22),(760,760,1,18),(761,761,1,13),(762,762,1,33),(763,763,1,24),(764,764,1,27),(765,765,1,16),(766,766,1,15),(767,767,1,47),(768,768,1,12),(769,769,1,18),(770,770,1,32),(771,771,1,23),(772,772,1,47),(773,773,1,10),(774,774,1,28),(775,775,1,44),(776,776,1,23),(777,777,1,5),(778,778,1,49),(779,779,1,7),(780,780,1,28),(781,781,1,33),(782,782,1,16),(783,783,1,39),(784,784,1,28),(785,785,1,21),(786,786,1,19),(787,787,1,10),(788,788,1,10),(789,789,1,34),(790,790,1,35),(791,791,1,37),(792,792,1,25),(793,793,1,42),(794,794,1,40),(795,794,1,39),(796,796,1,39),(797,797,1,20),(798,798,1,32),(799,799,1,35),(800,800,1,41),(801,801,1,15),(802,802,1,20),(803,803,1,34),(804,804,1,15),(805,805,1,4),(806,806,1,37),(807,807,1,15),(808,808,1,47),(809,809,1,18),(810,810,1,2),(811,811,1,38),(812,812,1,5),(813,813,1,12),(814,814,1,12),(815,815,1,5),(816,816,1,42),(817,817,1,32),(818,818,1,36),(819,819,1,43),(820,820,1,40),(821,821,1,27),(822,822,1,5),(823,823,1,28),(824,824,1,6),(825,825,1,25),(826,826,1,35),(827,827,1,24),(828,828,1,37),(829,829,1,48),(830,829,1,30),(831,831,1,19),(832,832,1,20),(833,833,1,37),(834,834,1,7),(835,835,1,18),(836,836,1,13),(837,837,1,26),(838,838,1,46),(839,839,1,7),(840,840,1,43),(841,841,1,22),(842,842,1,25),(843,843,1,14),(844,844,1,44),(845,845,1,28),(846,846,1,18),(847,847,1,7),(848,848,1,38),(849,849,1,16),(850,850,1,3),(851,851,1,2),(852,852,1,46),(853,853,1,21),(854,854,1,33),(855,855,1,42),(856,856,1,39),(857,857,1,20),(858,858,1,21),(859,859,1,15),(860,860,1,29),(861,861,1,1),(862,862,1,13),(863,863,1,26),(864,864,1,16),(865,865,1,31),(866,866,1,27),(867,867,1,40),(868,868,1,35),(869,869,1,16),(870,870,1,19),(871,871,1,46),(872,872,1,44),(873,873,1,47),(874,874,1,46),(875,875,1,50),(876,876,1,36),(877,877,1,25),(878,878,1,27),(879,879,1,8),(880,880,1,33),(881,881,1,36),(882,882,1,3),(883,883,1,18),(884,884,1,23),(885,885,1,14),(886,886,1,31),(887,887,1,43),(888,888,1,29),(889,889,1,36),(890,890,1,49),(891,891,1,33),(892,892,1,2),(893,893,1,25),(894,894,1,40),(895,895,1,19),(896,896,1,26),(897,897,1,4),(898,898,1,35),(899,899,1,8),(900,900,1,33),(901,901,1,38),(902,902,1,47),(903,903,1,3),(904,904,1,17),(905,905,1,37),(906,906,1,42),(907,907,1,23),(908,908,1,14),(909,909,1,13),(910,910,1,3),(911,911,1,6),(912,912,1,16),(913,913,1,20),(914,914,1,45),(915,915,1,12),(916,916,1,17),(917,917,1,40),(918,918,1,6),(919,919,1,3),(920,920,1,35),(921,921,1,3),(922,922,1,30),(923,923,1,30),(924,924,1,18),(925,925,1,4),(926,926,1,22),(927,927,1,38),(928,928,1,29),(929,929,1,30),(930,930,1,32),(931,931,1,11),(932,932,1,23),(933,933,1,3),(934,934,1,2),(935,935,1,22),(936,936,1,30),(937,937,1,1),(938,938,1,26),(939,939,1,48),(940,940,1,33),(941,941,1,46),(942,942,1,2),(943,943,1,6),(944,944,1,38),(945,945,1,5),(946,946,1,19),(947,947,1,14),(948,948,1,21),(949,949,1,35),(950,950,1,50),(951,951,1,21),(952,952,1,26),(953,953,1,46),(954,954,1,7),(955,955,1,43),(956,956,1,22),(957,956,1,1),(958,958,1,21),(959,959,1,49),(960,960,1,6),(961,961,1,18),(962,962,1,5),(963,963,1,14),(964,964,1,8),(965,965,1,11),(966,966,1,6),(967,967,1,12),(968,968,1,31),(969,969,1,15),(970,970,1,2),(971,971,1,17),(972,972,1,8),(973,973,1,38),(974,974,1,11),(975,975,1,1),(976,976,1,2),(977,977,1,30),(978,978,1,18),(979,979,1,39),(980,980,1,20),(981,981,1,50),(982,982,1,39),(983,983,1,46),(984,984,1,40),(985,985,1,27),(986,986,1,35),(987,987,1,19),(988,988,1,10),(989,989,1,21),(990,990,1,21),(991,991,1,10),(992,992,1,11),(993,993,1,42),(994,994,1,21),(995,995,1,18),(996,996,1,15),(997,997,1,49),(998,998,1,18),(999,999,1,4),(1000,1000,1,40),(1001,1001,1,3),(1002,1002,1,30),(1003,1003,1,48),(1004,1004,1,14),(1005,1005,1,16),(1006,1006,1,42),(1007,1007,1,21),(1008,1008,1,24),(1009,1009,1,2),(1010,1010,1,14),(1011,1011,1,30),(1012,1012,1,18),(1013,1013,1,39),(1014,1014,1,49),(1015,1015,1,6),(1016,1016,1,8),(1017,1017,1,47),(1018,1018,1,33),(1019,1019,1,39),(1020,1020,1,14),(1021,1021,1,36),(1022,1022,1,6),(1023,1023,1,46),(1024,1024,1,15),(1025,1025,1,35),(1026,1026,1,45),(1027,1027,1,32),(1028,1028,1,40),(1029,1029,1,9),(1030,1030,1,26),(1031,1031,1,16),(1032,1032,1,9),(1033,1033,1,9),(1034,1033,1,1),(1035,1035,1,48),(1036,1036,1,47),(1037,1037,1,15),(1038,1038,1,49),(1039,1039,1,37),(1040,1040,1,4),(1041,1041,1,19),(1042,1042,1,8),(1043,1043,1,10),(1044,1044,1,6),(1045,1045,1,49),(1046,1046,1,32),(1047,1047,1,17),(1048,1048,1,41),(1049,1049,1,11),(1050,1050,1,42),(1051,1051,1,18),(1052,1052,1,40),(1053,1053,1,15),(1054,1054,1,2),(1055,1055,1,44),(1056,1056,1,6),(1057,1057,1,44),(1058,1058,1,11),(1059,1059,1,9),(1060,1060,1,9),(1061,1061,1,9),(1062,1062,1,5),(1063,1063,1,35),(1064,1064,1,33),(1065,1065,1,5),(1066,1065,1,33),(1067,1067,1,40),(1068,1068,1,3),(1069,1069,1,3),(1070,1070,1,44),(1071,1071,1,35),(1072,1072,1,9),(1073,1073,1,9),(1074,1074,1,29),(1075,1075,1,46),(1076,1076,1,13),(1077,1077,1,29),(1078,1078,1,5),(1079,1079,1,35),(1080,1080,1,29),(1081,1081,1,5),(1082,1082,1,42),(1083,1083,1,6),(1084,1084,1,33),(1085,1085,1,27),(1086,1086,1,32),(1087,1087,1,46),(1088,1088,1,3),(1089,1089,1,1),(1090,1090,1,13),(1091,1091,1,40),(1092,1092,1,50),(1093,1093,1,34),(1094,1094,1,39),(1095,1095,1,8),(1096,1096,1,37),(1097,1097,1,41),(1098,1098,1,19),(1099,1099,1,47),(1100,1100,1,15),(1101,1101,1,3),(1102,1102,1,39),(1103,1103,1,45),(1104,1104,1,20),(1105,1105,1,25),(1106,1106,1,6),(1107,1107,1,33),(1108,1108,1,3),(1109,1109,1,1),(1110,1110,1,49),(1111,1111,1,36),(1112,1112,1,4),(1113,1163,2,11),(1114,1113,1,44),(1115,1114,1,14),(1116,1115,1,39),(1117,1116,1,50),(1118,1117,1,31),(1119,1118,1,21),(1120,1119,1,36),(1121,1120,1,50),(1122,1121,1,2),(1123,1122,1,19),(1124,1123,1,31),(1125,1124,1,38),(1126,1125,1,50),(1127,1126,1,47),(1128,1127,1,14),(1129,1128,1,21),(1130,1129,1,47),(1131,1130,1,47),(1132,1131,1,3),(1133,1132,1,39),(1134,1133,1,40),(1135,1134,1,41),(1136,1135,1,37),(1137,1136,1,12),(1138,1137,1,3),(1139,1138,1,28),(1140,1139,1,44),(1141,1140,1,40),(1142,1141,1,29),(1143,1142,1,48),(1144,1143,1,10),(1145,1144,1,42),(1146,1145,1,31),(1147,1146,1,38),(1148,1147,1,42),(1149,1148,1,41),(1150,1149,1,30),(1151,1150,1,37),(1152,1151,1,35),(1153,1152,1,39),(1154,1153,1,46),(1155,1154,1,9),(1156,1155,1,3),(1157,1156,1,4),(1158,1157,1,48),(1159,1158,1,47),(1160,1159,1,33),(1161,1160,1,35),(1162,1161,1,22),(1163,1162,1,30),(1164,1163,1,37),(1165,1164,1,38),(1166,1165,1,11),(1167,1166,1,48),(1168,1167,1,5),(1169,1168,1,27),(1170,1169,1,5),(1171,1170,1,11),(1172,1171,1,35),(1173,1172,1,21),(1174,1173,1,12),(1175,1174,1,3),(1176,1175,1,43),(1177,1176,1,40),(1178,1177,1,18),(1179,1178,1,9),(1180,1179,1,5),(1181,1180,1,27),(1182,1181,1,44),(1183,1182,1,3),(1184,1183,1,29),(1185,1184,1,34),(1186,1185,1,14),(1187,1186,1,30),(1188,1187,1,13),(1189,1188,1,25),(1190,1189,1,33),(1191,1190,1,17),(1192,1191,1,5),(1193,1192,1,8),(1194,1193,1,14),(1195,1194,1,30),(1196,1195,1,14),(1197,1196,1,48),(1198,1197,1,45),(1199,1198,1,9),(1200,1199,1,45),(1201,1200,1,31),(1202,1201,1,29),(1203,1202,1,43),(1204,1203,1,1),(1205,1204,1,25),(1206,1205,1,14),(1207,1206,1,47),(1208,1207,1,2),(1209,1208,1,21),(1210,1209,1,27),(1211,1210,1,45),(1212,1211,1,30),(1213,1212,1,48),(1214,1213,1,27),(1215,1214,1,20),(1216,1215,1,14),(1217,1216,1,26),(1218,1217,1,1),(1219,1218,1,6),(1220,1219,1,24),(1221,1220,1,39),(1222,1221,1,23),(1223,1222,1,19),(1224,1223,1,16),(1225,1224,1,3),(1226,1225,1,2),(1227,1226,1,6),(1228,1227,1,44),(1229,1228,1,17),(1230,1229,1,50),(1231,1230,1,22),(1232,1231,1,47),(1233,1232,1,33),(1234,1233,1,41),(1235,1234,1,48),(1236,1235,1,42),(1237,1236,1,9),(1238,1237,1,46),(1239,1238,1,11),(1240,1239,1,44),(1241,1240,1,32),(1242,1241,1,15),(1243,1242,1,23),(1244,1243,1,24),(1245,1244,1,18),(1246,1245,1,43),(1247,1246,1,45),(1248,1247,1,31),(1249,1248,1,21),(1250,1249,1,40),(1251,1250,1,24),(1252,1251,1,4),(1253,1252,1,29),(1254,1253,1,27),(1255,1254,1,28),(1256,1255,1,17),(1257,1256,1,50),(1258,1257,1,49),(1259,1258,1,48),(1260,1259,1,3),(1261,1260,1,34),(1262,1261,1,48),(1263,1262,1,35),(1264,1263,1,34),(1265,1264,1,6),(1266,1265,1,39),(1267,1266,1,7),(1268,1267,1,4),(1269,1268,1,39),(1270,1269,1,30),(1271,1270,1,2),(1272,1271,1,14),(1273,1272,1,28),(1274,1273,1,29),(1275,1274,1,10),(1276,1275,1,35),(1277,1276,1,2),(1278,1277,1,38),(1279,1277,1,16),(1280,1279,1,2),(1281,1280,1,27),(1282,1281,1,4),(1283,1282,1,6),(1284,1283,1,20),(1285,1284,1,40),(1286,1285,1,47),(1287,1286,1,43),(1288,1287,1,30),(1289,1288,1,23),(1290,1289,1,24),(1291,1290,1,34),(1292,1291,1,44),(1293,1292,1,32),(1294,1293,1,38),(1295,1294,1,2),(1296,1295,1,30),(1297,1296,1,10),(1298,1297,1,44),(1299,1298,1,6),(1300,1299,1,3),(1301,1300,1,32),(1302,1301,1,25),(1303,1302,1,49),(1304,1303,1,30),(1305,1304,1,41),(1306,1305,1,9),(1307,1306,1,6),(1308,1307,1,41),(1309,1308,1,46),(1310,1309,1,40),(1311,1310,1,47),(1312,1311,1,34),(1313,1312,1,15),(1314,1313,1,38),(1315,1314,1,43),(1316,1315,1,48),(1317,1316,1,4),(1318,1317,1,35),(1319,1318,1,24),(1320,1319,1,16),(1321,1320,1,41),(1322,1321,1,43),(1323,1322,1,13),(1324,1323,1,26),(1325,1324,1,8),(1326,1325,1,14),(1327,1326,1,5),(1328,1327,1,43),(1329,1328,1,29),(1330,1329,1,7),(1331,1330,1,3),(1332,1331,1,19),(1333,1332,1,17),(1334,1333,1,17),(1335,1334,1,12),(1336,1335,1,30),(1337,1336,1,3),(1338,1337,1,10),(1339,1338,1,50),(1340,1339,1,13),(1341,1340,1,28),(1342,1341,1,8),(1343,1342,1,23),(1344,1343,1,36),(1345,1344,1,32),(1346,1345,1,43),(1347,1346,1,46),(1348,1347,1,49),(1349,1348,1,28),(1350,1349,1,11),(1351,1350,1,28),(1352,1351,1,8),(1353,1352,1,25),(1354,1353,1,23),(1355,1354,1,34),(1356,1355,1,47),(1357,1356,1,50),(1358,1357,1,5),(1359,1358,1,39),(1360,1359,1,10),(1361,1360,1,19),(1362,1361,1,29),(1363,1362,1,11),(1364,1363,1,1),(1365,1364,1,4),(1366,1365,1,18),(1367,1366,1,10),(1368,1367,1,35),(1369,1368,1,40),(1370,1369,1,40),(1371,1370,1,41),(1372,1371,1,30),(1373,1372,1,18),(1374,1373,1,4),(1375,1374,1,20),(1376,1375,1,41),(1377,1376,1,35),(1378,1377,1,25),(1379,1378,1,49),(1380,1379,1,1),(1381,1380,1,42),(1382,1381,1,47),(1383,1382,1,19),(1384,1383,1,47),(1385,1384,1,18),(1386,1385,1,48),(1387,1386,1,3),(1388,1387,1,48),(1389,1388,1,27),(1390,1389,1,22),(1391,1390,1,3),(1392,1391,1,11),(1393,1392,1,23),(1394,1393,1,40),(1395,1394,1,32),(1396,1395,1,30),(1397,1396,1,13),(1398,1397,1,33),(1399,1398,1,7),(1400,1399,1,25),(1401,1400,1,24),(1402,1401,1,3),(1403,1402,1,19),(1404,1403,1,10),(1405,1404,1,1),(1406,1405,1,16),(1407,1406,1,26),(1408,1407,1,1),(1409,1408,1,33),(1410,1409,1,13),(1411,1410,1,36),(1412,1411,1,45),(1413,1412,1,19),(1414,1413,1,10),(1415,1414,1,33),(1416,1415,1,47),(1417,1416,1,22),(1418,1417,1,46),(1419,1417,1,41),(1420,1419,1,27),(1421,1420,1,48),(1422,1421,1,18),(1423,1422,1,11),(1424,1423,1,33),(1425,1424,1,44),(1426,1425,1,44),(1427,1426,1,15),(1428,1427,1,50),(1429,1428,1,23),(1430,1429,1,34),(1431,1430,1,4),(1432,1431,1,24),(1433,1432,1,35),(1434,1433,1,12),(1435,1434,1,7),(1436,1435,1,11),(1437,1436,1,10),(1438,1437,1,5),(1439,1438,1,35),(1440,1439,1,36),(1441,1440,1,45),(1442,1441,1,27),(1443,1442,1,27),(1444,1443,1,50),(1445,1443,1,46),(1446,1445,1,23),(1447,1446,1,7),(1448,1447,1,2),(1449,1448,1,42),(1450,1449,1,30),(1451,1450,1,13),(1452,1451,1,13),(1453,1452,1,23),(1454,1453,1,15),(1455,1454,1,12),(1456,1455,1,8),(1457,1456,1,31),(1458,1457,1,25),(1459,1458,1,20),(1460,1459,1,8),(1461,1460,1,28),(1462,1461,1,49),(1463,1462,1,11),(1464,1463,1,46),(1465,1464,1,42),(1466,1465,1,6),(1467,1466,1,21),(1468,1466,1,30),(1469,1468,1,29),(1470,1469,1,10),(1471,1470,1,50),(1472,1471,1,50),(1473,1472,1,12),(1474,1473,1,17),(1475,1474,1,18),(1476,1475,1,31),(1477,1476,1,13),(1478,1477,1,34),(1479,1478,1,23),(1480,1479,1,27),(1481,1480,1,46),(1482,1481,1,50),(1483,1482,1,13),(1484,1483,1,2),(1485,1484,1,47),(1486,1485,1,34),(1487,1486,1,26),(1488,1487,1,6),(1489,1488,1,29),(1490,1489,1,15),(1491,1490,1,50),(1492,1491,1,10),(1493,1492,1,3),(1494,1493,1,15),(1495,1494,1,10),(1496,1495,1,11),(1497,1496,1,41),(1498,1497,1,38),(1499,1498,1,34),(1500,1499,1,27),(1501,1500,1,47),(1502,1501,1,11),(1503,1502,1,40),(1504,1503,1,9),(1505,1504,1,37),(1506,1505,1,16),(1507,1506,1,48),(1508,1507,1,37),(1509,1508,1,19),(1510,1509,1,48),(1511,1510,1,15),(1512,1511,1,42),(1513,1512,1,34),(1514,1513,1,11),(1515,1514,1,18),(1516,1515,1,13),(1517,1516,1,36),(1518,1517,1,46),(1519,1518,1,32),(1520,1519,1,46),(1521,1520,1,44),(1522,1521,1,25),(1523,1522,1,34),(1524,1523,1,33),(1525,1524,1,44),(1526,1525,1,41),(1527,1526,1,49),(1528,1527,1,20),(1529,1528,1,10),(1530,1529,1,20),(1531,1530,1,14),(1532,1531,1,5),(1533,1532,1,37),(1534,1533,1,11),(1535,1534,1,24),(1536,1535,1,27),(1537,1536,1,21),(1538,1537,1,1),(1539,1538,1,17),(1540,1539,1,46),(1541,1540,1,26),(1542,1541,1,22),(1543,1542,1,29),(1544,1543,1,33),(1545,1544,1,26),(1546,1545,1,48),(1547,1546,1,44),(1548,1547,1,46),(1549,1548,1,39),(1550,1549,1,35),(1551,1550,1,34),(1552,1551,1,16),(1553,1552,1,11),(1554,1553,1,39),(1555,1554,1,38),(1556,1555,1,9),(1557,1556,1,5),(1558,1557,1,34),(1559,1558,1,36),(1560,1559,1,34),(1561,1560,1,20),(1562,1561,1,33),(1563,1561,1,10),(1564,1563,1,7),(1565,1564,1,38),(1566,1565,1,29),(1567,1566,1,9),(1568,1567,1,22),(1569,1568,1,18),(1570,1569,1,15),(1571,1570,1,23),(1572,1571,1,26),(1573,1572,1,46),(1574,1573,1,22),(1575,1574,1,14),(1576,1575,1,17),(1577,1576,1,4),(1578,1577,1,17),(1579,1578,1,29),(1580,1579,1,11),(1581,1580,1,48),(1582,1581,1,18),(1583,1582,1,28),(1584,1583,1,5),(1585,1584,1,37),(1586,1585,1,21),(1587,1586,1,29),(1588,1587,1,11),(1589,1588,1,9),(1590,1589,1,39),(1591,1590,1,2),(1592,1591,1,33),(1593,1592,1,18),(1594,1593,1,47),(1595,1594,1,18),(1596,1595,1,19),(1597,1596,1,2),(1598,1597,1,3),(1599,1598,1,36),(1600,1599,1,31),(1601,1600,1,12),(1602,1601,1,9),(1603,1602,1,7),(1604,1603,1,9),(1605,1604,1,19),(1606,1605,1,47),(1607,1606,1,3),(1608,1607,1,22),(1609,1608,1,25),(1610,1609,1,50),(1611,1610,1,15),(1612,1611,1,14),(1613,1612,1,28),(1614,1612,1,33),(1615,1614,1,34),(1616,1615,1,2),(1617,1616,1,48),(1618,1617,1,31),(1619,1618,1,50),(1620,1619,1,13),(1621,1619,1,19),(1622,1621,1,40),(1623,1622,1,26),(1624,1623,1,20),(1625,1624,1,12),(1626,1625,1,9),(1627,1626,1,41),(1628,1627,1,43),(1629,1628,1,8),(1630,1629,1,7),(1631,1630,1,4),(1632,1631,1,33),(1633,1632,1,38),(1634,1633,1,37),(1635,1634,1,13),(1636,1635,1,24),(1637,1636,1,24),(1638,1637,1,7),(1639,1638,1,27),(1640,1639,1,33),(1641,1640,1,37),(1642,1641,1,18),(1643,1642,1,1),(1644,1643,1,9),(1645,1644,1,14),(1646,1645,1,36),(1647,1646,1,45),(1648,1647,1,50),(1649,1648,1,49),(1650,1649,1,11),(1651,1650,1,15),(1652,1651,1,50),(1653,1652,1,17),(1654,1653,1,23),(1655,1654,1,19),(1656,1655,1,48),(1657,1656,1,27),(1658,1657,1,36),(1659,1658,1,27),(1660,1659,1,25),(1661,1660,1,31),(1662,1661,1,32),(1663,1662,1,39),(1664,1663,1,42),(1665,1663,1,28),(1666,1665,1,23),(1667,1666,1,13),(1668,1667,1,46),(1669,1668,1,35),(1670,1669,1,21),(1671,1670,1,27),(1672,1671,1,45),(1673,1672,1,20),(1674,1673,1,12),(1675,1674,1,5),(1676,1675,1,11),(1677,1676,1,7),(1678,1677,1,11),(1679,1678,1,31),(1680,1679,1,24),(1681,1680,1,5),(1682,1681,1,21),(1683,1682,1,10),(1684,1683,1,50),(1685,1684,1,1),(1686,1685,1,2),(1687,1686,1,22),(1688,1687,1,7),(1689,1688,1,18),(1690,1689,1,25),(1691,1690,1,7),(1692,1691,1,4),(1693,1692,1,31),(1694,1692,1,24),(1695,1694,1,36),(1696,1695,1,10),(1697,1695,1,22),(1698,1697,1,32),(1699,1698,1,36),(1700,1699,1,4),(1701,1700,1,49),(1702,1700,1,23),(1703,1702,1,37),(1704,1703,1,30),(1705,1704,1,25),(1706,1705,1,30),(1707,1706,1,41),(1708,1707,1,20),(1709,1708,1,47),(1710,1709,1,46),(1711,1710,1,12),(1712,1711,1,5),(1713,1712,1,19),(1714,1712,1,4),(1715,1714,1,10),(1716,1715,1,25),(1717,1716,1,41),(1718,1717,1,12),(1719,1718,1,20),(1720,1719,1,23),(1721,1720,1,48),(1722,1721,1,26),(1723,1722,1,10),(1724,1723,1,16),(1725,1724,1,48),(1726,1725,1,45),(1727,1726,1,11),(1728,1727,1,39),(1729,1728,1,29),(1730,1729,1,10),(1731,1730,1,22),(1732,1731,1,6),(1733,1732,1,28),(1734,1733,1,32),(1735,1734,1,22),(1736,1735,1,19),(1737,1736,1,37),(1738,1737,1,32),(1739,1738,1,1),(1740,1739,1,11),(1741,1740,1,41),(1742,1741,1,16),(1743,1742,1,42),(1744,1743,1,35),(1745,1744,1,38),(1746,1745,1,46),(1747,1746,1,5),(1748,1747,1,24),(1749,1748,1,2),(1750,1749,1,6),(1751,1750,1,14),(1752,1751,1,18),(1753,1752,1,31),(1754,1752,1,27),(1755,1754,1,22),(1756,1755,1,12),(1757,1756,1,13),(1758,1757,1,36),(1759,1758,1,15),(1760,1759,1,10),(1761,1760,1,10),(1762,1761,1,33),(1763,1762,1,24),(1764,1763,1,22),(1765,1764,1,45),(1766,1765,1,39),(1767,1766,1,41),(1768,1767,1,44),(1769,1768,1,47),(1770,1769,1,6),(1771,1770,1,14),(1772,1771,1,35),(1773,1772,1,2),(1774,1773,1,34),(1775,1774,1,1),(1776,1775,1,18),(1777,1776,1,14),(1778,1777,1,15),(1779,1778,1,46),(1780,1779,1,50),(1781,1780,1,19),(1782,1781,1,19),(1783,1782,1,7),(1784,1783,1,34),(1785,1784,1,29),(1786,1785,1,46),(1787,1786,1,25),(1788,1787,1,45),(1789,1788,1,22),(1790,1789,1,45),(1791,1790,1,12),(1792,1791,1,22),(1793,1792,1,24),(1794,1793,1,18),(1795,1794,1,38),(1796,1795,1,32),(1797,1796,1,1),(1798,1797,1,46),(1799,1798,1,4),(1800,1799,1,43),(1801,1800,1,33),(1802,1801,1,43),(1803,1802,1,1),(1804,1803,1,31),(1805,1804,1,4),(1806,1805,1,10),(1807,1806,1,7),(1808,1807,1,49),(1809,1808,1,25),(1810,1809,1,48),(1811,1810,1,44),(1812,1811,1,38),(1813,1812,1,2),(1814,1813,1,48),(1815,1814,1,5),(1816,1815,1,25),(1817,1816,1,22),(1818,1817,1,47),(1819,1818,1,38),(1820,1819,1,8),(1821,1820,1,23),(1822,1821,1,23),(1823,1822,1,16),(1824,1823,1,43),(1825,1824,1,31),(1826,1825,1,50),(1827,1826,1,32),(1828,1827,1,37),(1829,1828,1,48),(1830,1829,1,27),(1831,1830,1,12),(1832,1831,1,31),(1833,1832,1,7),(1834,1833,1,31),(1835,1834,1,5),(1836,1835,1,50),(1837,1836,1,2),(1838,1837,1,24),(1839,1838,1,35),(1840,1839,1,38),(1841,1840,1,17),(1842,1841,1,11),(1843,1842,1,35),(1844,1843,1,49),(1845,1844,1,34),(1846,1845,1,37),(1847,1846,1,24),(1848,1847,1,46),(1849,1848,1,35),(1850,1849,1,5),(1851,1850,1,24),(1852,1851,1,47),(1853,1852,1,8),(1854,1853,1,27),(1855,1854,1,44),(1856,1855,1,28),(1857,1856,1,11),(1858,1857,1,18),(1859,1858,1,45),(1860,1859,1,31),(1861,1860,1,33),(1862,1860,1,47),(1863,1861,1,43),(1864,1862,1,24),(1865,1863,1,27),(1866,1864,1,6),(1867,1865,1,26),(1868,1866,1,47),(1869,1867,1,8),(1870,1868,1,11),(1871,1869,1,47),(1872,1870,1,13),(1873,1871,1,49),(1874,1872,1,16),(1875,1873,1,12),(1876,1874,1,18),(1877,1875,1,45),(1878,1876,1,31),(1879,1877,1,16),(1880,1878,1,24),(1881,1879,1,23),(1882,1880,1,45),(1883,1881,1,8),(1884,1882,1,25),(1885,1883,1,29),(1886,1884,1,36),(1887,1885,1,31),(1888,1886,1,43),(1889,1887,1,43),(1890,1888,1,16),(1891,1889,1,46),(1892,1890,1,36),(1893,1891,1,41),(1894,1891,1,47),(1895,1893,1,8),(1896,1894,1,39),(1897,1895,1,13),(1898,1896,1,20),(1899,1897,1,22),(1900,1898,1,29),(1901,1899,1,31),(1902,1900,1,15),(1903,1901,1,44),(1904,1902,1,28),(1905,1903,1,7),(1906,1903,1,4),(1907,1905,1,16),(1908,1906,1,26),(1909,1907,1,45),(1910,1908,1,40),(1911,1909,1,7),(1912,1910,1,27),(1913,1911,1,31),(1914,1912,1,38),(1915,1913,1,10),(1916,1914,1,8),(1917,1915,1,19),(1918,1915,1,30),(1919,1917,1,5),(1920,1918,1,6),(1921,1919,1,2),(1922,1919,1,4),(1923,1921,1,8),(1924,1922,1,47),(1925,1923,1,16),(1926,1924,1,37),(1927,1925,1,20),(1928,1926,1,43),(1929,1927,1,36),(1930,1927,1,14),(1931,1929,1,24),(1932,1929,1,18),(1933,1929,1,35),(1934,1929,1,40),(1935,1929,1,18),(1936,1934,1,28),(1937,1935,1,31),(1938,1936,1,36),(1939,1937,1,34),(1940,1938,1,27),(1941,1939,1,17),(1942,1940,1,12),(1943,1941,1,43),(1944,1942,1,4),(1945,1943,1,4),(1946,1944,1,9),(1947,1945,1,39),(1948,1946,1,6),(1949,1947,1,28),(1950,1948,1,35),(1951,1949,1,28),(1952,1950,1,40),(1953,1951,1,11),(1954,1952,1,33),(1955,1953,1,40),(1956,1954,1,48),(1957,1955,1,32),(1958,1956,1,1),(1959,1957,1,24),(1960,1958,1,25),(1961,1959,1,10),(1962,1959,1,12),(1963,1961,1,7),(1964,1962,1,28),(1965,1963,1,6),(1966,1964,1,34),(1967,1965,1,27),(1968,1966,1,41),(1969,1967,1,44),(1970,1968,1,1),(1971,1969,1,21),(1972,1970,1,36),(1973,1971,1,24),(1974,1972,1,27),(1975,1973,1,1),(1976,1974,1,29),(1977,1975,1,17),(1978,1976,1,7),(1979,1977,1,48),(1980,1978,1,34),(1981,1979,1,20),(1982,1980,1,27),(1983,1981,1,49),(1984,1982,1,37),(1985,1983,1,11),(1986,1984,1,35),(1987,1985,1,36),(1988,1986,1,28),(1989,1987,1,36),(1990,1988,1,26),(1991,1989,1,36),(1992,1990,1,25),(1993,1991,1,5),(1994,1992,1,26),(1995,1993,1,31),(1996,1994,1,2),(1997,1995,1,26),(1998,1996,1,16),(1999,1997,1,24),(2000,1998,1,17),(2001,1999,1,12),(2002,2000,1,33),(2003,2001,1,25),(2004,2002,1,39),(2005,2003,1,33),(2006,2004,1,43),(2007,2005,1,16),(2008,2006,1,18),(2009,2007,1,13),(2010,2008,1,45),(2011,2009,1,3),(2012,2010,1,28),(2013,2011,1,32),(2014,2012,1,44),(2015,2013,1,13),(2016,2014,1,32),(2017,2015,1,41),(2018,2016,1,17),(2019,2017,1,34),(2020,2018,1,19),(2021,2019,1,44),(2022,2020,1,23),(2023,2020,1,4),(2024,2020,1,27),(2025,2023,1,15),(2026,2024,1,15),(2027,2025,1,42),(2028,2026,1,15),(2029,2027,1,19),(2030,2028,1,29),(2031,2029,1,5),(2032,2030,1,39),(2033,2031,1,48),(2034,2032,1,44),(2035,2033,1,30),(2036,2034,1,3),(2037,2035,1,39),(2038,2036,1,16),(2039,2037,1,12),(2040,2038,1,48),(2041,2039,1,9),(2042,2040,1,39),(2043,2041,1,18),(2044,2042,1,26),(2045,2043,1,50),(2046,2044,1,24),(2047,2045,1,44),(2048,2046,1,49),(2049,2047,1,33),(2050,2048,1,30),(2051,2049,1,37),(2052,2050,1,46),(2053,2051,1,7),(2054,2052,1,33),(2055,2053,1,18),(2056,2054,1,14),(2057,2055,1,43),(2058,2056,1,21),(2059,2057,1,29),(2060,2058,1,32),(2061,2059,1,4),(2062,2060,1,49),(2063,2061,1,18),(2064,2062,1,45),(2065,2063,1,39),(2066,2064,1,16),(2067,2065,1,6),(2068,2066,1,10),(2069,2067,1,18),(2070,2068,1,20),(2071,2069,1,6),(2072,2070,1,50),(2073,2071,1,5),(2074,2072,1,25),(2075,2073,1,43),(2076,2074,1,17),(2077,2075,1,45),(2078,2076,1,40),(2079,2077,1,30),(2080,2078,1,49),(2081,2079,1,15),(2082,2080,1,41),(2083,2081,1,1),(2084,2082,1,32),(2085,2083,1,38),(2086,2084,1,26),(2087,2085,1,48),(2088,2086,1,35),(2089,2087,1,48),(2090,2088,1,2),(2091,2089,1,8),(2092,2090,1,39),(2093,2091,1,14),(2094,2092,1,11),(2095,2093,1,31),(2096,2094,1,11),(2097,2095,1,34),(2098,2096,1,9),(2099,2097,1,29),(2100,2098,1,44),(2101,2099,1,30),(2102,2100,1,41),(2103,2101,1,16),(2104,2102,1,1),(2105,2103,1,21),(2106,2104,1,25),(2107,2105,1,27),(2108,2106,1,44),(2109,2107,1,15),(2110,2108,1,6),(2111,2109,1,29),(2112,2110,1,46),(2113,2110,1,32),(2114,2112,1,18),(2115,2113,1,28),(2116,2114,1,23),(2117,2115,1,1),(2118,2116,1,28),(2119,2117,1,29),(2120,2118,1,38),(2121,2119,1,2),(2122,2120,1,41),(2123,2121,1,2),(2124,2122,1,30),(2125,2123,1,18),(2126,2124,1,42),(2127,2125,1,17),(2128,2126,1,44),(2129,2127,1,43),(2130,2128,1,26),(2131,2129,1,5),(2132,2130,1,46),(2133,2131,1,41),(2134,2132,1,26),(2135,2133,1,34),(2136,2134,1,41),(2137,2135,1,26),(2138,2136,1,33),(2139,2137,1,32),(2140,2138,1,25),(2141,2139,1,2),(2142,2140,1,48),(2143,2141,1,28),(2144,2142,1,32),(2145,2143,1,22),(2146,2144,1,34),(2147,2145,1,28),(2148,2146,1,23),(2149,2147,1,8),(2150,2148,1,48),(2151,2149,1,21),(2152,2150,1,10),(2153,2151,1,14),(2154,2152,1,6),(2155,2153,1,44),(2156,2154,1,5),(2157,2155,1,22),(2158,2156,1,7),(2159,2157,1,49),(2160,2158,1,46),(2161,2159,1,48),(2162,2160,1,50),(2163,2161,1,16),(2164,2162,1,33),(2165,2163,1,1),(2166,2164,1,47),(2167,2165,1,17),(2168,2166,1,43),(2169,2167,1,1),(2170,2168,1,14),(2171,2169,1,17),(2172,2170,1,32),(2173,2171,1,13),(2174,2172,1,28),(2175,2173,1,23),(2176,2174,1,19),(2177,2175,1,16),(2178,2176,1,26),(2179,2177,1,40),(2180,2178,1,43),(2181,2179,1,35),(2182,2180,1,27),(2183,2181,1,24),(2184,2182,1,33),(2185,2183,1,12),(2186,2184,1,32),(2187,2185,1,42),(2188,2186,1,34),(2189,2187,1,16),(2190,2188,1,27),(2191,2189,1,7),(2192,2190,1,28),(2193,2191,1,26),(2194,2192,1,30),(2195,2193,1,18),(2196,2194,1,24),(2197,2195,1,45),(2198,2196,1,27),(2199,2197,1,29),(2200,2198,1,3),(2201,2198,1,45),(2202,2200,1,10),(2203,2201,1,30),(2204,2202,1,42),(2205,2203,1,1),(2206,2204,1,40),(2207,2205,1,10),(2208,2206,1,44),(2209,2207,1,39),(2210,2208,1,24),(2211,2209,1,19),(2212,2210,1,7),(2213,2211,1,1),(2214,2212,1,45),(2215,2213,1,8),(2216,2214,1,3),(2217,2215,1,39),(2218,2216,1,13),(2219,2217,1,50),(2220,2218,1,35),(2221,2219,1,45),(2222,2220,1,45),(2223,2221,1,49),(2224,2222,1,1),(2225,2223,1,42),(2226,2224,1,44),(2227,2225,1,12),(2228,2226,1,31),(2229,2227,1,46),(2230,2228,1,33),(2231,2229,1,7),(2232,2230,1,38),(2233,2231,1,9),(2234,2232,1,12),(2235,2233,1,18),(2236,2234,1,37),(2237,2235,1,20),(2238,2236,1,14),(2239,2237,1,32),(2240,2238,1,25),(2241,2239,1,30),(2242,2240,1,32),(2243,2241,1,29),(2244,2242,1,29),(2245,2243,1,1),(2246,2244,1,39),(2247,2245,1,8),(2248,2246,1,10),(2249,2247,1,14),(2250,2248,1,48),(2251,2249,1,11),(2252,2250,1,11),(2253,2251,1,34),(2254,2252,1,18),(2255,2253,1,47),(2256,2254,1,16),(2257,2254,1,41),(2258,2256,1,13),(2259,2257,1,17),(2260,2258,1,14),(2261,2259,1,35),(2262,2260,1,20),(2263,2261,1,32),(2264,2262,1,45),(2265,2263,1,36),(2266,2264,1,47),(2267,2265,1,42),(2268,2266,1,25),(2269,2267,1,30),(2270,2268,1,29),(2271,2269,1,47),(2272,2269,1,48),(2273,2271,1,19),(2274,2272,1,34),(2275,2273,1,7),(2276,2274,1,45),(2277,2275,1,10),(2278,2276,1,39),(2279,2277,1,25),(2280,2278,1,29),(2281,2279,1,50),(2282,2280,1,13),(2283,2281,1,2),(2284,2282,1,49),(2285,2283,1,36),(2286,2284,1,10),(2287,2285,1,28),(2288,2286,1,25),(2289,2287,1,16),(2290,2288,1,36),(2291,2289,1,17),(2292,2290,1,47),(2293,2291,1,36),(2294,2292,1,1),(2295,2293,1,19),(2296,2294,1,30),(2297,2295,1,6),(2298,2296,1,21),(2299,2297,1,11),(2300,2298,1,27),(2301,2299,1,23),(2302,2300,1,50),(2303,2301,1,5),(2304,2302,1,49),(2305,2303,1,27),(2306,2304,1,3),(2307,2305,1,31),(2308,2306,1,10),(2309,2307,1,48),(2310,2308,1,11),(2311,2309,1,45),(2312,2309,1,29),(2313,2311,1,42),(2314,2312,1,37),(2315,2313,1,48),(2316,2314,1,35),(2317,2315,1,27),(2318,2316,1,4),(2319,2317,1,35),(2320,2318,1,1),(2321,2319,1,27),(2322,2320,1,31),(2323,2321,1,8),(2324,2322,1,46),(2325,2323,1,6),(2326,2324,1,22),(2327,2325,1,10),(2328,2326,1,40),(2329,2327,1,13),(2330,2328,1,33),(2331,2329,1,26),(2332,2330,1,13),(2333,2331,1,7),(2334,2332,1,13),(2335,2333,1,34),(2336,2334,1,23),(2337,2335,1,17),(2338,2336,1,27),(2339,2337,1,9),(2340,2338,1,13),(2341,2339,1,2),(2342,2340,1,14),(2343,2341,1,22),(2344,2342,1,36),(2345,2343,1,9),(2346,2343,1,40),(2347,2345,1,2),(2348,2346,1,28),(2349,2347,1,32),(2350,2348,1,29),(2351,2349,1,45),(2352,2350,1,24),(2353,2350,1,43),(2354,2352,1,38),(2355,2353,1,18),(2356,2354,1,12),(2357,2355,1,47),(2358,2356,1,50),(2359,2357,1,40),(2360,2358,1,14),(2361,2359,1,31),(2362,2360,1,40),(2363,2361,1,35),(2364,2362,1,15),(2365,2363,1,4),(2366,2364,1,33),(2367,2365,1,45),(2368,2366,1,32),(2369,2367,1,13),(2370,2368,1,46),(2371,2369,1,22),(2372,2370,1,44),(2373,2371,1,18),(2374,2372,1,22),(2375,2373,1,16),(2376,2374,1,17),(2377,2375,1,7),(2378,2376,1,41),(2379,2377,1,25),(2380,2378,1,1),(2381,2379,1,49),(2382,2380,1,42),(2383,2381,1,6),(2384,2382,1,23),(2385,2383,1,38),(2386,2384,1,47),(2387,2385,1,35),(2388,2386,1,33),(2389,2386,1,25),(2390,2388,1,23),(2391,2389,1,9),(2392,2390,1,44),(2393,2391,1,13),(2394,2392,1,49),(2395,2393,1,2),(2396,2394,1,46),(2397,2395,1,9),(2398,2396,1,20),(2399,2397,1,46),(2400,2398,1,38),(2401,2399,1,30),(2402,2400,1,2),(2403,2401,1,36),(2404,2402,1,29),(2405,2403,1,50),(2406,2404,1,6),(2407,2405,1,49),(2408,2406,1,21),(2409,2407,1,45),(2410,2408,1,19),(2411,2409,1,42),(2412,2410,1,37),(2413,2411,1,42),(2414,2412,1,27),(2415,2413,1,30),(2416,2414,1,36),(2417,2414,1,6),(2418,2416,1,19),(2419,2417,1,47),(2420,2418,1,2),(2421,2419,1,50),(2422,2420,1,19),(2423,2421,1,16),(2424,2422,1,3),(2425,2423,1,37),(2426,2424,1,7),(2427,2425,1,40),(2428,2426,1,29),(2429,2427,1,18),(2430,2428,1,11),(2431,2429,1,16),(2432,2430,1,36),(2433,2431,1,19),(2434,2432,1,1),(2435,2433,1,24),(2436,2434,1,32),(2437,2435,1,26),(2438,2436,1,29),(2439,2437,1,23),(2440,2438,1,38),(2441,2439,1,26),(2442,2440,1,44),(2443,2441,1,4),(2444,2442,1,47),(2445,2443,1,42),(2446,2444,1,5),(2447,2445,1,50),(2448,2446,1,34),(2449,2447,1,33),(2450,2448,1,35),(2451,2449,1,44),(2452,2450,1,42),(2453,2451,1,21),(2454,2452,1,25),(2455,2453,1,13),(2456,2454,1,22),(2457,2455,1,26),(2458,2456,1,14),(2459,2457,1,5),(2460,2458,1,42),(2461,2459,1,7),(2462,2460,1,7),(2463,2461,1,49),(2464,2462,1,16),(2465,2463,1,23),(2466,2464,1,38),(2467,2465,1,50),(2468,2466,1,13),(2469,2467,1,20),(2470,2468,1,4),(2471,2469,1,3),(2472,2470,1,9),(2473,2471,1,38),(2474,2472,1,13),(2475,2473,1,9),(2476,2474,1,44),(2477,2475,1,21),(2478,2476,1,11),(2479,2477,1,43),(2480,2478,1,49),(2481,2479,1,32),(2482,2480,1,1),(2483,2481,1,38),(2484,2482,1,3),(2485,2483,1,36),(2486,2484,1,35),(2487,2485,1,9),(2488,2486,1,2),(2489,2487,1,23),(2490,2488,1,45),(2491,2489,1,2),(2492,2490,1,28),(2493,2491,1,32),(2494,2492,1,32),(2495,2493,1,50),(2496,2494,1,17),(2497,2495,1,42),(2498,2496,1,36),(2499,2497,1,15),(2500,2498,1,48),(2501,2499,1,45),(2502,2500,1,14),(2503,2501,1,4),(2504,2502,1,15),(2505,2503,1,12),(2506,2504,1,10),(2507,2505,1,48),(2508,2506,1,28),(2509,2507,1,13),(2510,2508,1,26),(2511,2509,1,11),(2512,2510,1,25),(2513,2511,1,50),(2514,2512,1,18),(2515,2513,1,37),(2516,2514,1,11),(2517,2515,1,9),(2518,2516,1,42),(2519,2517,1,2),(2520,2518,1,13),(2521,2519,1,30),(2522,2520,1,31),(2523,2521,1,1),(2524,2522,1,11),(2525,2523,1,44),(2526,2524,1,50),(2527,2525,1,5),(2528,2526,1,11),(2529,2527,1,17),(2530,2528,1,42),(2531,2529,1,20),(2532,2530,1,17),(2533,2531,1,50),(2534,2532,1,44),(2535,2533,1,47),(2536,2534,1,14),(2537,2535,1,50),(2538,2536,1,14),(2539,2537,1,44),(2540,2538,1,42),(2541,2539,1,11),(2542,2540,1,26),(2543,2541,1,28),(2544,2542,1,22),(2545,2543,1,20),(2546,2544,1,10),(2547,2545,1,37),(2548,2546,1,36),(2549,2547,1,5),(2550,2548,1,9),(2551,2549,1,8),(2552,2550,1,27),(2553,2551,1,16),(2554,2552,1,8),(2555,2553,1,25),(2556,2554,1,28),(2557,2555,1,3),(2558,2556,1,40),(2559,2557,1,4),(2560,2558,1,42),(2561,2559,1,22),(2562,2560,1,43),(2563,2561,1,34),(2564,2562,1,50),(2565,2563,1,37),(2566,2564,1,26),(2567,2565,1,32),(2568,2566,1,49),(2569,2567,1,50),(2570,2568,1,35),(2571,2569,1,26),(2572,2570,1,32),(2573,2571,1,19),(2574,2572,1,44),(2575,2573,1,49),(2576,2574,1,41),(2577,2575,1,45),(2578,2576,1,20),(2579,2577,1,28),(2580,2577,1,21),(2581,2579,1,30),(2582,2580,1,41),(2583,2581,1,13),(2584,2582,1,50),(2585,2583,1,24),(2586,2584,1,28),(2587,2585,1,37),(2588,2586,1,26),(2589,2587,1,24),(2590,2588,1,43),(2591,2589,1,31),(2592,2590,1,25),(2593,2591,1,20),(2594,2592,1,40),(2595,2593,1,32),(2596,2594,1,39),(2597,2595,1,34),(2598,2596,1,50),(2599,2597,1,9),(2600,2598,1,16),(2601,2599,1,10),(2602,2600,1,45),(2603,2601,1,48),(2604,2602,1,20),(2605,2603,1,20),(2606,2604,1,42),(2607,2605,1,27),(2608,2606,1,5),(2609,2607,1,28),(2610,2608,1,15),(2611,2609,1,7),(2612,2610,1,24),(2613,2611,1,44),(2614,2612,1,27),(2615,2613,1,33),(2616,2614,1,25),(2617,2615,1,5),(2618,2616,1,27),(2619,2617,1,2),(2620,2618,1,17),(2621,2619,1,14),(2622,2620,1,16),(2623,2621,1,19),(2624,2622,1,15),(2625,2623,1,29),(2626,2624,1,33),(2627,2625,1,40),(2628,2626,1,8),(2629,2627,1,36),(2630,2628,1,29),(2631,2629,1,30),(2632,2630,1,41),(2633,2631,1,32),(2634,2632,1,39),(2635,2633,1,25),(2636,2634,1,50),(2637,2635,1,1),(2638,2636,1,49),(2639,2637,1,50),(2640,2638,1,5),(2641,2639,1,25),(2642,2640,1,5),(2643,2641,1,7),(2644,2642,1,19),(2645,2643,1,28),(2646,2644,1,39),(2647,2645,1,40),(2648,2646,1,36),(2649,2647,1,8),(2650,2648,1,10),(2651,2649,1,3),(2652,2650,1,47),(2653,2651,1,41),(2654,2652,1,45),(2655,2653,1,9),(2656,2654,1,29),(2657,2655,1,8),(2658,2656,1,25),(2659,2657,1,47),(2660,2658,1,48),(2661,2659,1,5),(2662,2660,1,37),(2663,2661,1,45),(2664,2662,1,27),(2665,2663,1,46),(2666,2664,1,47),(2667,2664,1,40),(2668,2666,1,30),(2669,2667,1,3),(2670,2668,1,5),(2671,2669,1,32),(2672,2670,1,9),(2673,2671,1,4),(2674,2672,1,24),(2675,2673,1,38),(2676,2674,1,15),(2677,2675,1,15),(2678,2676,1,50),(2679,2677,1,46),(2680,2678,1,43),(2681,2679,1,26),(2682,2680,1,2),(2683,2681,1,22),(2684,2682,1,30),(2685,2683,1,4),(2686,2684,1,28),(2687,2685,1,30),(2688,2686,1,41),(2689,2687,1,44),(2690,2688,1,31),(2691,2689,1,23),(2692,2690,1,17),(2693,2691,1,32),(2694,2692,1,47),(2695,2693,1,26),(2696,2694,1,9),(2697,2695,1,42),(2698,2696,1,13),(2699,2697,1,1),(2700,2698,1,50),(2701,2699,1,16),(2702,2700,1,27),(2703,2701,1,27),(2704,2702,1,34),(2705,2703,1,25),(2706,2704,1,26),(2707,2705,1,41),(2708,2706,1,33),(2709,2707,1,38),(2710,2708,1,3),(2711,2709,1,50),(2712,2710,1,9),(2713,2711,1,19),(2714,2712,1,50),(2715,2713,1,38),(2716,2714,1,39),(2717,2715,1,15),(2718,2716,1,18),(2719,2717,1,38),(2720,2718,1,32),(2721,2719,1,11),(2722,2720,1,5),(2723,2721,1,8),(2724,2722,1,49),(2725,2723,1,17),(2726,1,2,26),(2727,2,2,25),(2728,3,2,3),(2729,4,2,26),(2730,5,2,46),(2731,6,2,11),(2732,7,2,27),(2733,8,2,37),(2734,9,2,47),(2735,10,2,7),(2736,11,2,40),(2737,12,2,40),(2738,13,2,9),(2739,14,2,41),(2740,15,2,8),(2741,16,2,3),(2742,17,2,49),(2743,18,2,27),(2744,19,2,23),(2745,20,2,29),(2746,21,2,19),(2747,22,2,40),(2748,23,2,3),(2749,24,2,6),(2750,25,2,49),(2751,26,2,37),(2752,27,2,30),(2753,28,2,45),(2754,29,2,13),(2755,30,2,26),(2756,31,2,32),(2757,32,2,43),(2758,33,2,48),(2759,34,2,47),(2760,35,2,32),(2761,36,2,38),(2762,37,2,35),(2763,38,2,17),(2764,39,2,2),(2765,40,2,30),(2766,41,2,10),(2767,42,2,21),(2768,43,2,45),(2769,44,2,34),(2770,45,2,9),(2771,46,2,10),(2772,47,2,5),(2773,48,2,1),(2774,49,2,6),(2775,50,2,13),(2776,51,2,16),(2777,52,2,18),(2778,53,2,30),(2779,54,2,29),(2780,55,2,44),(2781,56,2,42),(2782,57,2,9),(2783,58,2,34),(2784,59,2,27),(2785,60,2,32),(2786,61,2,31),(2787,62,2,11),(2788,63,2,36),(2789,64,2,4),(2790,65,2,19),(2791,66,2,40),(2792,67,2,49),(2793,68,2,34),(2794,69,2,39),(2795,70,2,5),(2796,71,2,39),(2797,72,2,17),(2798,73,2,22),(2799,74,2,44),(2800,75,2,23),(2801,76,2,24),(2802,77,2,20),(2803,78,2,23),(2804,79,2,4),(2805,80,2,40),(2806,81,2,1),(2807,82,2,4),(2808,83,2,1),(2809,84,2,14),(2810,85,2,34),(2811,86,2,2),(2812,87,2,41),(2813,88,2,24),(2814,89,2,24),(2815,90,2,23),(2816,91,2,22),(2817,92,2,43),(2818,93,2,42),(2819,94,2,38),(2820,95,2,21),(2821,96,2,35),(2822,97,2,43),(2823,98,2,5),(2824,99,2,14),(2825,100,2,12),(2826,101,2,39),(2827,102,2,22),(2828,103,2,24),(2829,104,2,36),(2830,105,2,16),(2831,106,2,3),(2832,107,2,25),(2833,108,2,31),(2834,109,2,49),(2835,110,2,21),(2836,111,2,33),(2837,112,2,9),(2838,113,2,7),(2839,114,2,26),(2840,115,2,14),(2841,116,2,20),(2842,117,2,31),(2843,118,2,48),(2844,119,2,6),(2845,120,2,35),(2846,121,2,48),(2847,122,2,11),(2848,123,2,9),(2849,124,2,44),(2850,125,2,38),(2851,126,2,8),(2852,127,2,17),(2853,128,2,40),(2854,129,2,42),(2855,130,2,36),(2856,131,2,47),(2857,132,2,32),(2858,133,2,20),(2859,134,2,16),(2860,135,2,43),(2861,136,2,43),(2862,137,2,23),(2863,138,2,41),(2864,139,2,31),(2865,140,2,41),(2866,141,2,41),(2867,142,2,12),(2868,143,2,33),(2869,144,2,5),(2870,145,2,26),(2871,146,2,44),(2872,147,2,46),(2873,148,2,50),(2874,148,2,10),(2875,150,2,2),(2876,151,2,20),(2877,152,2,29),(2878,153,2,47),(2879,154,2,49),(2880,155,2,29),(2881,156,2,6),(2882,157,2,28),(2883,158,2,1),(2884,159,2,14),(2885,160,2,28),(2886,161,2,33),(2887,162,2,42),(2888,163,2,24),(2889,164,2,43),(2890,165,2,39),(2891,166,2,3),(2892,167,2,19),(2893,168,2,1),(2894,169,2,6),(2895,170,2,42),(2896,171,2,46),(2897,172,2,9),(2898,173,2,36),(2899,174,2,26),(2900,175,2,5),(2901,176,2,4),(2902,177,2,27),(2903,178,2,3),(2904,195,2,45),(2905,196,2,6),(2906,197,2,9),(2907,198,2,23),(2908,199,2,26),(2909,200,2,26),(2910,201,2,42),(2911,202,2,43),(2912,203,2,22),(2913,204,2,7),(2914,205,2,3),(2915,206,2,35),(2916,207,2,9),(2917,208,2,34),(2918,209,2,26),(2919,210,2,7),(2920,211,2,26),(2921,212,2,15),(2922,213,2,38),(2923,214,2,8),(2924,215,2,19),(2925,216,2,27),(2926,217,2,6),(2927,218,2,46),(2928,219,2,49),(2929,220,2,19),(2930,221,2,44),(2931,222,2,25),(2932,223,2,12),(2933,224,2,34),(2934,225,2,49),(2935,226,2,34),(2936,227,2,17),(2937,228,2,27),(2938,229,2,48),(2939,230,2,38),(2940,231,2,43),(2941,232,2,18),(2942,233,2,11),(2943,234,2,43),(2944,235,2,37),(2945,236,2,5),(2946,237,2,17),(2947,238,2,35),(2948,239,2,23),(2949,240,2,3),(2950,241,2,28),(2951,242,2,36),(2952,243,2,4),(2953,244,2,39),(2954,245,2,33),(2955,246,2,11),(2956,247,2,18),(2957,248,2,6),(2958,249,2,6),(2959,250,2,44),(2960,251,2,12),(2961,252,2,11),(2962,253,2,35),(2963,254,2,31),(2964,254,2,50),(2965,256,2,18),(2966,257,2,11),(2967,258,2,16),(2968,259,2,1),(2969,260,2,34),(2970,261,2,14),(2971,262,2,45),(2972,263,2,35),(2973,264,2,38),(2974,265,2,9),(2975,266,2,28),(2976,267,2,6),(2977,268,2,18),(2978,269,2,29),(2979,270,2,20),(2980,271,2,26),(2981,272,2,36),(2982,273,2,18),(2983,274,2,40),(2984,275,2,7),(2985,276,2,35),(2986,277,2,11),(2987,278,2,10),(2988,279,2,29),(2989,280,2,13),(2990,281,2,3),(2991,282,2,22),(2992,283,2,35),(2993,284,2,17),(2994,285,2,37),(2995,286,2,17),(2996,287,2,32),(2997,288,2,23),(2998,289,2,45),(2999,290,2,8),(3000,291,2,2),(3001,292,2,1),(3002,293,2,18),(3003,294,2,33),(3004,295,2,47),(3005,296,2,38),(3006,332,2,45),(3007,333,2,20),(3008,334,2,28),(3009,335,2,21),(3010,336,2,12),(3011,337,2,41),(3012,337,2,21),(3013,339,2,46),(3014,340,2,25),(3015,341,2,10),(3016,342,2,18),(3017,343,2,27),(3018,344,2,35),(3019,345,2,41),(3020,346,2,42),(3021,347,2,1),(3022,348,2,41),(3023,349,2,28),(3024,350,2,32),(3025,351,2,17),(3026,352,2,48),(3027,353,2,6),(3028,354,2,29),(3029,355,2,29),(3030,356,2,27),(3031,357,2,36),(3032,358,2,35),(3033,359,2,36),(3034,360,2,8),(3035,361,2,10),(3036,362,2,4),(3037,363,2,34),(3038,364,2,26),(3039,365,2,49),(3040,366,2,23),(3041,367,2,1),(3042,368,2,20),(3043,369,2,46),(3044,369,2,48),(3045,371,2,33),(3046,372,2,23),(3047,373,2,20),(3048,374,2,10),(3049,375,2,28),(3050,376,2,21),(3051,377,2,17),(3052,378,2,28),(3053,379,2,49),(3054,380,2,15),(3055,381,2,46),(3056,382,2,42),(3057,383,2,48),(3058,384,2,9),(3059,385,2,36),(3060,386,2,28),(3061,387,2,1),(3062,388,2,34),(3063,389,2,47),(3064,390,2,34),(3065,391,2,17),(3066,392,2,48),(3067,393,2,43),(3068,394,2,17),(3069,395,2,9),(3070,396,2,9),(3071,397,2,36),(3072,398,2,39),(3073,399,2,25),(3074,400,2,19),(3075,401,2,46),(3076,402,2,45),(3077,403,2,17),(3078,404,2,44),(3079,405,2,34),(3080,406,2,10),(3081,407,2,34),(3082,408,2,15),(3083,409,2,25),(3084,410,2,10),(3085,411,2,26),(3086,411,2,24),(3087,413,2,30),(3088,414,2,41),(3089,415,2,31),(3090,416,2,45),(3091,417,2,38),(3092,417,2,1),(3093,417,2,36),(3094,420,2,4),(3095,421,2,27),(3096,422,2,23),(3097,423,2,2),(3098,424,2,8),(3099,425,2,17),(3100,426,2,10),(3101,427,2,37),(3102,428,2,19),(3103,429,2,35),(3104,430,2,27),(3105,431,2,28),(3106,432,2,30),(3107,433,2,50),(3108,434,2,28),(3109,435,2,31),(3110,436,2,41),(3111,437,2,28),(3112,438,2,23),(3113,439,2,39),(3114,440,2,48),(3115,441,2,40),(3116,442,2,33),(3117,443,2,13),(3118,444,2,50),(3119,445,2,10),(3120,446,2,27),(3121,447,2,9),(3122,448,2,13),(3123,448,2,22),(3124,450,2,37),(3125,451,2,8),(3126,452,2,14),(3127,453,2,27),(3128,454,2,1),(3129,455,2,38),(3130,456,2,15),(3131,457,2,1),(3132,458,2,2),(3133,459,2,4),(3134,460,2,28),(3135,461,2,39),(3136,462,2,29),(3137,463,2,50),(3138,464,2,33),(3139,465,2,9),(3140,465,2,20),(3141,467,2,33),(3142,468,2,25),(3143,469,2,25),(3144,470,2,26),(3145,471,2,7),(3146,472,2,37),(3147,473,2,44),(3148,474,2,12),(3149,475,2,44),(3150,476,2,42),(3151,477,2,50),(3152,478,2,10),(3153,479,2,49),(3154,480,2,12),(3155,481,2,33),(3156,482,2,36),(3157,483,2,38),(3158,484,2,20),(3159,484,2,4),(3160,486,2,33),(3161,487,2,49),(3162,488,2,22),(3163,489,2,24),(3164,490,2,2),(3165,491,2,11),(3166,492,2,47),(3167,493,2,3),(3168,494,2,24),(3169,495,2,50),(3170,496,2,42),(3171,497,2,25),(3172,498,2,11),(3173,498,2,27),(3174,500,2,8),(3175,501,2,42),(3176,502,2,15),(3177,503,2,3),(3178,504,2,12),(3179,505,2,13),(3180,506,2,33),(3181,507,2,47),(3182,508,2,13),(3183,509,2,26),(3184,510,2,18),(3185,511,2,4),(3186,512,2,11),(3187,513,2,10),(3188,514,2,16),(3189,515,2,19),(3190,516,2,5),(3191,517,2,25),(3192,518,2,14),(3193,519,2,19),(3194,520,2,31),(3195,521,2,24),(3196,522,2,25),(3197,523,2,22),(3198,524,2,32),(3199,525,2,20),(3200,526,2,44),(3201,527,2,20),(3202,528,2,28),(3203,529,2,22),(3204,530,2,14),(3205,531,2,43),(3206,532,2,10),(3207,533,2,50),(3208,534,2,23),(3209,535,2,46),(3210,536,2,47),(3211,537,2,20),(3212,538,2,16),(3213,539,2,15),(3214,540,2,50),(3215,541,2,10),(3216,542,2,13),(3217,543,2,40),(3218,544,2,33),(3219,545,2,18),(3220,546,2,32),(3221,547,2,8),(3222,548,2,45),(3223,549,2,32),(3224,550,2,34),(3225,551,2,2),(3226,552,2,37),(3227,553,2,45),(3228,554,2,10),(3229,555,2,37),(3230,556,2,47),(3231,557,2,17),(3232,558,2,40),(3233,559,2,20),(3234,560,2,16),(3235,561,2,25),(3236,562,2,46),(3237,563,2,38),(3238,564,2,31),(3239,565,2,44),(3240,566,2,47),(3241,567,2,15),(3242,568,2,10),(3243,569,2,38),(3244,570,2,2),(3245,571,2,23),(3246,572,2,41),(3247,573,2,24),(3248,574,2,24),(3249,574,2,24),(3250,576,2,9),(3251,577,2,31),(3252,578,2,6),(3253,579,2,26),(3254,580,2,34),(3255,581,2,19),(3256,582,2,18),(3257,583,2,36),(3258,584,2,31),(3259,585,2,12),(3260,586,2,4),(3261,587,2,18),(3262,587,2,47),(3263,589,2,14),(3264,590,2,27),(3265,591,2,25),(3266,591,2,43),(3267,593,2,10),(3268,594,2,10),(3269,595,2,2),(3270,596,2,33),(3271,597,2,29),(3272,598,2,34),(3273,599,2,26),(3274,600,2,16),(3275,601,2,23),(3276,602,2,35),(3277,603,2,22),(3278,604,2,7),(3279,605,2,1),(3280,606,2,38),(3281,607,2,24),(3282,608,2,34),(3283,609,2,41),(3284,610,2,24),(3285,611,2,24),(3286,612,2,24),(3287,613,2,26),(3288,614,2,15),(3289,615,2,21),(3290,616,2,12),(3291,617,2,4),(3292,618,2,14),(3293,619,2,37),(3294,620,2,19),(3295,621,2,36),(3296,622,2,29),(3297,623,2,25),(3298,624,2,22),(3299,625,2,10),(3300,626,2,1),(3301,627,2,29),(3302,628,2,34),(3303,629,2,16),(3304,630,2,39),(3305,631,2,12),(3306,632,2,6),(3307,633,2,41),(3308,633,2,21),(3309,635,2,29),(3310,636,2,49),(3311,637,2,7),(3312,638,2,4),(3313,639,2,23),(3314,640,2,48),(3315,641,2,14),(3316,642,2,42),(3317,643,2,10),(3318,644,2,26),(3319,645,2,39),(3320,646,2,10),(3321,647,2,11),(3322,648,2,18),(3323,649,2,2),(3324,650,2,10),(3325,651,2,28),(3326,652,2,34),(3327,653,2,3),(3328,654,2,38),(3329,655,2,1),(3330,656,2,27),(3331,657,2,35),(3332,658,2,14),(3333,659,2,1),(3334,660,2,15),(3335,661,2,33),(3336,662,2,33),(3337,663,2,26),(3338,664,2,25),(3339,665,2,21),(3340,666,2,40),(3341,667,2,49),(3342,668,2,15),(3343,669,2,34),(3344,670,2,3),(3345,671,2,44),(3346,672,2,18),(3347,673,2,23),(3348,674,2,3),(3349,675,2,40),(3350,676,2,22),(3351,677,2,7),(3352,678,2,43),(3353,679,2,22),(3354,680,2,14),(3355,681,2,37),(3356,682,2,4),(3357,683,2,5),(3358,684,2,17),(3359,685,2,16),(3360,686,2,43),(3361,687,2,5),(3362,688,2,33),(3363,689,2,4),(3364,690,2,25),(3365,691,2,35),(3366,692,2,41),(3367,693,2,44),(3368,694,2,36),(3369,695,2,47),(3370,696,2,21),(3371,697,2,19),(3372,698,2,31),(3373,698,2,40),(3374,700,2,14),(3375,701,2,47),(3376,702,2,28),(3377,703,2,41),(3378,704,2,42),(3379,705,2,35),(3380,706,2,23),(3381,707,2,18),(3382,708,2,43),(3383,709,2,19),(3384,710,2,47),(3385,711,2,41),(3386,712,2,47),(3387,713,2,15),(3388,713,2,32),(3389,715,2,45),(3390,716,2,25),(3391,717,2,17),(3392,718,2,12),(3393,719,2,3),(3394,720,2,24),(3395,721,2,44),(3396,722,2,23),(3397,723,2,41),(3398,724,2,44),(3399,725,2,37),(3400,726,2,49),(3401,727,2,5),(3402,728,2,5),(3403,729,2,34),(3404,730,2,25),(3405,731,2,6),(3406,732,2,9),(3407,733,2,47),(3408,734,2,22),(3409,735,2,45),(3410,736,2,7),(3411,737,2,12),(3412,738,2,29),(3413,739,2,14),(3414,740,2,8),(3415,740,2,47),(3416,742,2,35),(3417,743,2,11),(3418,744,2,8),(3419,745,2,41),(3420,746,2,49),(3421,747,2,29),(3422,748,2,38),(3423,749,2,10),(3424,750,2,44),(3425,751,2,35),(3426,752,2,10),(3427,753,2,43),(3428,754,2,16),(3429,755,2,42),(3430,756,2,17),(3431,757,2,19),(3432,757,2,15),(3433,759,2,16),(3434,760,2,21),(3435,761,2,49),(3436,762,2,6),(3437,763,2,44),(3438,764,2,13),(3439,765,2,44),(3440,766,2,41),(3441,767,2,34),(3442,768,2,18),(3443,769,2,25),(3444,770,2,21),(3445,771,2,41),(3446,772,2,24),(3447,773,2,48),(3448,774,2,15),(3449,775,2,20),(3450,776,2,14),(3451,777,2,14),(3452,778,2,44),(3453,779,2,47),(3454,780,2,15),(3455,781,2,36),(3456,782,2,27),(3457,783,2,32),(3458,784,2,11),(3459,785,2,24),(3460,786,2,37),(3461,787,2,11),(3462,788,2,21),(3463,789,2,24),(3464,790,2,28),(3465,791,2,28),(3466,792,2,29),(3467,793,2,29),(3468,794,2,20),(3469,794,2,7),(3470,796,2,47),(3471,797,2,49),(3472,798,2,14),(3473,799,2,2),(3474,800,2,30),(3475,801,2,30),(3476,802,2,41),(3477,803,2,40),(3478,804,2,49),(3479,805,2,28),(3480,806,2,12),(3481,807,2,5),(3482,808,2,45),(3483,809,2,29),(3484,810,2,6),(3485,811,2,19),(3486,812,2,10),(3487,813,2,23),(3488,814,2,16),(3489,815,2,1),(3490,816,2,46),(3491,817,2,27),(3492,818,2,30),(3493,819,2,11),(3494,820,2,8),(3495,821,2,39),(3496,822,2,9),(3497,823,2,34),(3498,824,2,5),(3499,825,2,32),(3500,826,2,12),(3501,827,2,24),(3502,828,2,17),(3503,829,2,21),(3504,829,2,29),(3505,831,2,1),(3506,832,2,4),(3507,833,2,12),(3508,834,2,49),(3509,835,2,39),(3510,836,2,21),(3511,837,2,22),(3512,838,2,44),(3513,839,2,19),(3514,840,2,48),(3515,841,2,48),(3516,842,2,15),(3517,843,2,22),(3518,844,2,50),(3519,845,2,40),(3520,846,2,17),(3521,847,2,14),(3522,848,2,41),(3523,849,2,2),(3524,850,2,25),(3525,851,2,13),(3526,852,2,48),(3527,853,2,33),(3528,854,2,49),(3529,855,2,43),(3530,856,2,48),(3531,857,2,30),(3532,858,2,8),(3533,859,2,45),(3534,860,2,47),(3535,861,2,28),(3536,862,2,22),(3537,863,2,42),(3538,864,2,13),(3539,865,2,30),(3540,866,2,26),(3541,867,2,16),(3542,868,2,44),(3543,869,2,37),(3544,870,2,24),(3545,871,2,11),(3546,872,2,3),(3547,873,2,28),(3548,874,2,36),(3549,875,2,35),(3550,876,2,31),(3551,877,2,13),(3552,878,2,33),(3553,879,2,24),(3554,880,2,49),(3555,881,2,22),(3556,882,2,49),(3557,883,2,6),(3558,884,2,29),(3559,885,2,10),(3560,886,2,11),(3561,887,2,14),(3562,888,2,48),(3563,889,2,48),(3564,890,2,24),(3565,891,2,30),(3566,892,2,27),(3567,893,2,28),(3568,894,2,32),(3569,895,2,8),(3570,896,2,21),(3571,897,2,33),(3572,898,2,23),(3573,899,2,22),(3574,900,2,41),(3575,901,2,49),(3576,902,2,15),(3577,903,2,15),(3578,904,2,49),(3579,905,2,12),(3580,906,2,29),(3581,907,2,45),(3582,908,2,17),(3583,909,2,12),(3584,910,2,34),(3585,911,2,25),(3586,912,2,29),(3587,913,2,47),(3588,914,2,35),(3589,915,2,41),(3590,916,2,12),(3591,917,2,12),(3592,918,2,39),(3593,919,2,7),(3594,920,2,28),(3595,921,2,13),(3596,922,2,32),(3597,923,2,20),(3598,924,2,26),(3599,925,2,49),(3600,926,2,22),(3601,927,2,28),(3602,928,2,16),(3603,929,2,41),(3604,930,2,33),(3605,931,2,26),(3606,932,2,18),(3607,933,2,23),(3608,934,2,5),(3609,935,2,4),(3610,936,2,25),(3611,937,2,35),(3612,938,2,20),(3613,939,2,13),(3614,940,2,10),(3615,941,2,39),(3616,942,2,21),(3617,943,2,40),(3618,944,2,38),(3619,945,2,13),(3620,946,2,45),(3621,947,2,19),(3622,948,2,3),(3623,949,2,48),(3624,950,2,44),(3625,951,2,40),(3626,952,2,34),(3627,953,2,10),(3628,954,2,38),(3629,955,2,6),(3630,956,2,13),(3631,956,2,46),(3632,958,2,6),(3633,959,2,17),(3634,960,2,15),(3635,961,2,27),(3636,962,2,24),(3637,963,2,17),(3638,964,2,36),(3639,965,2,41),(3640,966,2,33),(3641,967,2,9),(3642,968,2,25),(3643,969,2,40),(3644,970,2,40),(3645,971,2,7),(3646,972,2,29),(3647,973,2,39),(3648,974,2,17),(3649,975,2,15),(3650,976,2,41),(3651,977,2,21),(3652,978,2,12),(3653,979,2,6),(3654,980,2,32),(3655,981,2,20),(3656,982,2,35),(3657,983,2,14),(3658,984,2,46),(3659,985,2,11),(3660,986,2,19),(3661,987,2,16),(3662,988,2,42),(3663,989,2,8),(3664,990,2,43),(3665,991,2,27),(3666,992,2,23),(3667,993,2,26),(3668,994,2,32),(3669,995,2,17),(3670,996,2,7),(3671,997,2,44),(3672,998,2,42),(3673,999,2,48),(3674,1000,2,9),(3675,1001,2,12),(3676,1002,2,20),(3677,1003,2,41),(3678,1004,2,4),(3679,1005,2,15),(3680,1006,2,19),(3681,1007,2,23),(3682,1008,2,27),(3683,1009,2,2),(3684,1010,2,40),(3685,1011,2,48),(3686,1012,2,1),(3687,1013,2,30),(3688,1014,2,26),(3689,1015,2,46),(3690,1016,2,50),(3691,1017,2,8),(3692,1018,2,35),(3693,1019,2,18),(3694,1020,2,3),(3695,1021,2,35),(3696,1022,2,42),(3697,1023,2,10),(3698,1024,2,6),(3699,1025,2,42),(3700,1026,2,17),(3701,1027,2,7),(3702,1028,2,37),(3703,1029,2,29),(3704,1030,2,34),(3705,1031,2,13),(3706,1032,2,34),(3707,1033,2,14),(3708,1033,2,47),(3709,1035,2,36),(3710,1036,2,23),(3711,1037,2,14),(3712,1038,2,1),(3713,1039,2,39),(3714,1040,2,37),(3715,1041,2,31),(3716,1042,2,13),(3717,1043,2,12),(3718,1044,2,41),(3719,1045,2,29),(3720,1046,2,49),(3721,1047,2,20),(3722,1048,2,23),(3723,1049,2,14),(3724,1050,2,36),(3725,1051,2,26),(3726,1052,2,29),(3727,1053,2,28),(3728,1054,2,28),(3729,1055,2,43),(3730,1056,2,33),(3731,1057,2,30),(3732,1058,2,33),(3733,1059,2,22),(3734,1060,2,49),(3735,1061,2,21),(3736,1062,2,39),(3737,1063,2,30),(3738,1064,2,44),(3739,1065,2,46),(3740,1065,2,44),(3741,1067,2,35),(3742,1068,2,7),(3743,1069,2,14),(3744,1070,2,48),(3745,1071,2,15),(3746,1072,2,15),(3747,1073,2,14),(3748,1074,2,26),(3749,1075,2,24),(3750,1076,2,30),(3751,1077,2,46),(3752,1078,2,29),(3753,1079,2,42),(3754,1080,2,25),(3755,1081,2,20),(3756,1082,2,48),(3757,1083,2,29),(3758,1084,2,23),(3759,1085,2,37),(3760,1086,2,24),(3761,1087,2,17),(3762,1088,2,19),(3763,1089,2,32),(3764,1090,2,11),(3765,1091,2,47),(3766,1092,2,49),(3767,1093,2,50),(3768,1094,2,3),(3769,1095,2,19),(3770,1096,2,21),(3771,1097,2,10),(3772,1098,2,48),(3773,1099,2,31),(3774,1100,2,37),(3775,1101,2,38),(3776,1102,2,35),(3777,1103,2,31),(3778,1104,2,5),(3779,1105,2,31),(3780,1106,2,17),(3781,1107,2,34),(3782,1108,2,29),(3783,1109,2,22),(3784,1110,2,30),(3785,1111,2,20),(3786,1112,2,14),(3787,1113,2,8),(3788,1114,2,27),(3789,1115,2,41),(3790,1116,2,21),(3791,1117,2,45),(3792,1118,2,40),(3793,1119,2,45),(3794,1120,2,32),(3795,1121,2,49),(3796,1122,2,39),(3797,1123,2,23),(3798,1124,2,40),(3799,1125,2,29),(3800,1126,2,30),(3801,1127,2,3),(3802,1128,2,42),(3803,1129,2,11),(3804,1130,2,16),(3805,1131,2,43),(3806,1132,2,15),(3807,1133,2,26),(3808,1134,2,50),(3809,1135,2,26),(3810,1136,2,44),(3811,1137,2,23),(3812,1138,2,34),(3813,1139,2,24),(3814,1140,2,3),(3815,1141,2,48),(3816,1142,2,41),(3817,1143,2,14),(3818,1144,2,6),(3819,1145,2,22),(3820,1146,2,28),(3821,1147,2,38),(3822,1148,2,27),(3823,1149,2,49),(3824,1150,2,45),(3825,1151,2,26),(3826,1152,2,15),(3827,1153,2,25),(3828,1154,2,47),(3829,1155,2,34),(3830,1156,2,13),(3831,1157,2,37),(3832,1158,2,28),(3833,1159,2,8),(3834,1160,2,2),(3835,1161,2,10),(3836,1162,2,32),(3837,1163,2,11),(3838,1164,2,19),(3839,1165,2,40),(3840,1166,2,33),(3841,1167,2,1),(3842,1168,2,21),(3843,1169,2,40),(3844,1170,2,44),(3845,1171,2,33),(3846,1172,2,1),(3847,1173,2,33),(3848,1174,2,26),(3849,1175,2,50),(3850,1176,2,46),(3851,1177,2,30),(3852,1178,2,12),(3853,1179,2,34),(3854,1180,2,27),(3855,1181,2,8),(3856,1182,2,21),(3857,1183,2,2),(3858,1184,2,48),(3859,1185,2,9),(3860,1186,2,7),(3861,1187,2,38),(3862,1188,2,3),(3863,1189,2,37),(3864,1190,2,2),(3865,1191,2,30),(3866,1192,2,31),(3867,1193,2,16),(3868,1194,2,39),(3869,1195,2,49),(3870,1196,2,7),(3871,1197,2,24),(3872,1198,2,31),(3873,1199,2,49),(3874,1200,2,12),(3875,1201,2,48),(3876,1202,2,4),(3877,1203,2,28),(3878,1204,2,19),(3879,1205,2,11),(3880,1206,2,34),(3881,1207,2,45),(3882,1208,2,15),(3883,1209,2,32),(3884,1210,2,4),(3885,1211,2,34),(3886,1212,2,17),(3887,1213,2,36),(3888,1214,2,49),(3889,1215,2,36),(3890,1216,2,18),(3891,1217,2,1),(3892,1218,2,44),(3893,1219,2,7),(3894,1220,2,38),(3895,1221,2,9),(3896,1222,2,27),(3897,1223,2,34),(3898,1224,2,16),(3899,1225,2,32),(3900,1226,2,49),(3901,1227,2,17),(3902,1228,2,28),(3903,1229,2,33),(3904,1230,2,18),(3905,1231,2,42),(3906,1232,2,2),(3907,1233,2,2),(3908,1234,2,37),(3909,1235,2,20),(3910,1236,2,32),(3911,1237,2,28),(3912,1238,2,40),(3913,1239,2,25),(3914,1240,2,8),(3915,1241,2,33),(3916,1242,2,12),(3917,1243,2,14),(3918,1244,2,27),(3919,1245,2,34),(3920,1246,2,3),(3921,1247,2,26),(3922,1248,2,31),(3923,1249,2,22),(3924,1250,2,34),(3925,1251,2,21),(3926,1252,2,27),(3927,1253,2,49),(3928,1254,2,48),(3929,1255,2,29),(3930,1256,2,20),(3931,1257,2,40),(3932,1258,2,16),(3933,1259,2,18),(3934,1260,2,40),(3935,1261,2,38),(3936,1262,2,7),(3937,1263,2,24),(3938,1264,2,14),(3939,1265,2,27),(3940,1266,2,18),(3941,1267,2,46),(3942,1268,2,35),(3943,1269,2,47),(3944,1270,2,18),(3945,1271,2,49),(3946,1272,2,30),(3947,1273,2,43),(3948,1274,2,24),(3949,1275,2,16),(3950,1276,2,2),(3951,1277,2,44),(3952,1277,2,13),(3953,1279,2,31),(3954,1280,2,31),(3955,1281,2,20),(3956,1282,2,33),(3957,1283,2,19),(3958,1284,2,15),(3959,1285,2,31),(3960,1286,2,17),(3961,1287,2,40),(3962,1288,2,25),(3963,1289,2,9),(3964,1290,2,41),(3965,1291,2,3),(3966,1292,2,45),(3967,1293,2,31),(3968,1294,2,17),(3969,1295,2,40),(3970,1296,2,28),(3971,1297,2,38),(3972,1298,2,9),(3973,1299,2,33),(3974,1300,2,2),(3975,1301,2,16),(3976,1302,2,36),(3977,1303,2,34),(3978,1304,2,44),(3979,1305,2,46),(3980,1306,2,23),(3981,1307,2,17),(3982,1308,2,35),(3983,1309,2,14),(3984,1310,2,43),(3985,1311,2,8),(3986,1312,2,22),(3987,1313,2,41),(3988,1314,2,19),(3989,1315,2,9),(3990,1316,2,49),(3991,1317,2,22),(3992,1318,2,48),(3993,1319,2,4),(3994,1320,2,39),(3995,1321,2,18),(3996,1322,2,42),(3997,1323,2,37),(3998,1324,2,28),(3999,1325,2,1),(4000,1326,2,2),(4001,1327,2,34),(4002,1328,2,21),(4003,1329,2,8),(4004,1330,2,1),(4005,1331,2,19),(4006,1332,2,8),(4007,1333,2,46),(4008,1334,2,22),(4009,1335,2,7),(4010,1336,2,28),(4011,1337,2,27),(4012,1338,2,8),(4013,1339,2,42),(4014,1340,2,19),(4015,1341,2,33),(4016,1342,2,26),(4017,1343,2,11),(4018,1344,2,9),(4019,1345,2,12),(4020,1346,2,42),(4021,1347,2,50),(4022,1348,2,5),(4023,1349,2,21),(4024,1350,2,35),(4025,1351,2,15),(4026,1352,2,8),(4027,1353,2,44),(4028,1354,2,37),(4029,1355,2,29),(4030,1356,2,17),(4031,1357,2,21),(4032,1358,2,49),(4033,1359,2,46),(4034,1360,2,3),(4035,1361,2,13),(4036,1362,2,30),(4037,1363,2,28),(4038,1364,2,15),(4039,1365,2,45),(4040,1366,2,31),(4041,1367,2,13),(4042,1368,2,6),(4043,1369,2,13),(4044,1370,2,34),(4045,1371,2,6),(4046,1372,2,8),(4047,1373,2,19),(4048,1374,2,17),(4049,1375,2,1),(4050,1376,2,3),(4051,1377,2,31),(4052,1378,2,36),(4053,1379,2,34),(4054,1380,2,28),(4055,1381,2,49),(4056,1382,2,30),(4057,1383,2,47),(4058,1384,2,50),(4059,1385,2,3),(4060,1386,2,28),(4061,1387,2,26),(4062,1388,2,48),(4063,1389,2,45),(4064,1390,2,36),(4065,1391,2,42),(4066,1392,2,33),(4067,1393,2,28),(4068,1394,2,41),(4069,1395,2,24),(4070,1396,2,16),(4071,1397,2,27),(4072,1398,2,34),(4073,1399,2,36),(4074,1400,2,25),(4075,1401,2,27),(4076,1402,2,9),(4077,1403,2,10),(4078,1404,2,43),(4079,1405,2,30),(4080,1406,2,6),(4081,1407,2,25),(4082,1408,2,27),(4083,1409,2,26),(4084,1410,2,4),(4085,1411,2,45),(4086,1412,2,38),(4087,1413,2,13),(4088,1414,2,34),(4089,1415,2,28),(4090,1416,2,46),(4091,1417,2,15),(4092,1417,2,18),(4093,1419,2,11),(4094,1420,2,2),(4095,1421,2,22),(4096,1422,2,46),(4097,1423,2,34),(4098,1424,2,36),(4099,1425,2,39),(4100,1426,2,27),(4101,1427,2,11),(4102,1428,2,48),(4103,1429,2,20),(4104,1430,2,14),(4105,1431,2,30),(4106,1432,2,13),(4107,1433,2,4),(4108,1434,2,4),(4109,1435,2,4),(4110,1436,2,40),(4111,1437,2,23),(4112,1438,2,44),(4113,1439,2,1),(4114,1440,2,49),(4115,1441,2,26),(4116,1442,2,2),(4117,1443,2,15),(4118,1443,2,43),(4119,1445,2,22),(4120,1446,2,3),(4121,1447,2,29),(4122,1448,2,43),(4123,1449,2,25),(4124,1450,2,19),(4125,1451,2,27),(4126,1452,2,44),(4127,1453,2,17),(4128,1454,2,6),(4129,1455,2,32),(4130,1456,2,33),(4131,1457,2,22),(4132,1458,2,19),(4133,1459,2,7),(4134,1460,2,11),(4135,1461,2,49),(4136,1462,2,28),(4137,1463,2,24),(4138,1464,2,31),(4139,1465,2,19),(4140,1466,2,34),(4141,1466,2,4),(4142,1468,2,40),(4143,1469,2,42),(4144,1470,2,30),(4145,1471,2,17),(4146,1472,2,22),(4147,1473,2,39),(4148,1474,2,43),(4149,1475,2,6),(4150,1476,2,19),(4151,1477,2,25),(4152,1478,2,11),(4153,1479,2,20),(4154,1480,2,26),(4155,1481,2,38),(4156,1482,2,41),(4157,1483,2,3),(4158,1484,2,29),(4159,1485,2,50),(4160,1486,2,27),(4161,1487,2,43),(4162,1488,2,42),(4163,1489,2,31),(4164,1490,2,3),(4165,1491,2,27),(4166,1492,2,2),(4167,1493,2,21),(4168,1494,2,25),(4169,1495,2,22),(4170,1496,2,2),(4171,1497,2,29),(4172,1498,2,36),(4173,1499,2,36),(4174,1500,2,19),(4175,1501,2,8),(4176,1502,2,14),(4177,1503,2,44),(4178,1504,2,29),(4179,1505,2,49),(4180,1506,2,11),(4181,1507,2,45),(4182,1508,2,48),(4183,1509,2,50),(4184,1510,2,32),(4185,1511,2,35),(4186,1512,2,41),(4187,1513,2,13),(4188,1514,2,28),(4189,1515,2,46),(4190,1516,2,25),(4191,1517,2,43),(4192,1518,2,12),(4193,1519,2,46),(4194,1520,2,31),(4195,1521,2,45),(4196,1522,2,33),(4197,1523,2,24),(4198,1524,2,16),(4199,1525,2,28),(4200,1526,2,37),(4201,1527,2,29),(4202,1528,2,48),(4203,1529,2,28),(4204,1530,2,26),(4205,1531,2,27),(4206,1532,2,18),(4207,1533,2,22),(4208,1534,2,8),(4209,1535,2,10),(4210,1536,2,5),(4211,1537,2,21),(4212,1538,2,41),(4213,1539,2,29),(4214,1540,2,24),(4215,1541,2,20),(4216,1542,2,29),(4217,1543,2,46),(4218,1544,2,42),(4219,1545,2,29),(4220,1546,2,17),(4221,1547,2,43),(4222,1548,2,42),(4223,1549,2,31),(4224,1550,2,27),(4225,1551,2,17),(4226,1552,2,43),(4227,1553,2,32),(4228,1554,2,20),(4229,1555,2,2),(4230,1556,2,2),(4231,1557,2,13),(4232,1558,2,25),(4233,1559,2,33),(4234,1560,2,32),(4235,1561,2,7),(4236,1561,2,6),(4237,1563,2,19),(4238,1564,2,27),(4239,1565,2,35),(4240,1566,2,15),(4241,1567,2,40),(4242,1568,2,6),(4243,1569,2,23),(4244,1570,2,6),(4245,1571,2,33),(4246,1572,2,19),(4247,1573,2,18),(4248,1574,2,12),(4249,1575,2,8),(4250,1576,2,47),(4251,1577,2,2),(4252,1578,2,6),(4253,1579,2,34),(4254,1580,2,23),(4255,1581,2,39),(4256,1582,2,31),(4257,1583,2,26),(4258,1584,2,24),(4259,1585,2,27),(4260,1586,2,26),(4261,1587,2,31),(4262,1588,2,34),(4263,1589,2,46),(4264,1590,2,37),(4265,1591,2,6),(4266,1592,2,25),(4267,1593,2,41),(4268,1594,2,39),(4269,1595,2,42),(4270,1596,2,33),(4271,1597,2,29),(4272,1598,2,11),(4273,1599,2,1),(4274,1600,2,5),(4275,1601,2,2),(4276,1602,2,21),(4277,1603,2,44),(4278,1604,2,8),(4279,1605,2,22),(4280,1606,2,48),(4281,1607,2,9),(4282,1608,2,49),(4283,1609,2,23),(4284,1610,2,34),(4285,1611,2,36),(4286,1612,2,6),(4287,1612,2,16),(4288,1614,2,24),(4289,1615,2,41),(4290,1616,2,21),(4291,1617,2,18),(4292,1618,2,22),(4293,1619,2,32),(4294,1619,2,49),(4295,1621,2,14),(4296,1622,2,32),(4297,1623,2,6),(4298,1624,2,30),(4299,1625,2,24),(4300,1626,2,38),(4301,1627,2,48),(4302,1628,2,39),(4303,1629,2,7),(4304,1630,2,6),(4305,1631,2,16),(4306,1632,2,40),(4307,1633,2,36),(4308,1634,2,7),(4309,1635,2,41),(4310,1636,2,12),(4311,1637,2,4),(4312,1638,2,47),(4313,1639,2,35),(4314,1640,2,2),(4315,1641,2,2),(4316,1642,2,24),(4317,1643,2,37),(4318,1644,2,38),(4319,1645,2,32),(4320,1646,2,48),(4321,1647,2,48),(4322,1648,2,41),(4323,1649,2,45),(4324,1650,2,11),(4325,1651,2,22),(4326,1652,2,40),(4327,1653,2,22),(4328,1654,2,15),(4329,1655,2,5),(4330,1656,2,11),(4331,1657,2,23),(4332,1658,2,13),(4333,1659,2,11),(4334,1660,2,33),(4335,1661,2,48),(4336,1662,2,47),(4337,1663,2,42),(4338,1663,2,28),(4339,1665,2,33),(4340,1666,2,20),(4341,1667,2,3),(4342,1668,2,2),(4343,1669,2,31),(4344,1670,2,48),(4345,1671,2,1),(4346,1672,2,9),(4347,1673,2,32),(4348,1674,2,38),(4349,1675,2,48),(4350,1676,2,8),(4351,1677,2,45),(4352,1678,2,14),(4353,1679,2,32),(4354,1680,2,18),(4355,1681,2,16),(4356,1682,2,11),(4357,1683,2,19),(4358,1684,2,21),(4359,1685,2,9),(4360,1686,2,37),(4361,1687,2,20),(4362,1688,2,49),(4363,1689,2,48),(4364,1690,2,32),(4365,1691,2,37),(4366,1692,2,29),(4367,1692,2,29),(4368,1694,2,50),(4369,1695,2,2),(4370,1695,2,41),(4371,1697,2,5),(4372,1698,2,38),(4373,1699,2,21),(4374,1700,2,11),(4375,1700,2,42),(4376,1702,2,26),(4377,1703,2,38),(4378,1704,2,31),(4379,1705,2,8),(4380,1706,2,47),(4381,1707,2,25),(4382,1708,2,42),(4383,1709,2,17),(4384,1710,2,28),(4385,1711,2,18),(4386,1712,2,50),(4387,1712,2,30),(4388,1714,2,1),(4389,1715,2,15),(4390,1716,2,42),(4391,1717,2,21),(4392,1718,2,1),(4393,1719,2,8),(4394,1720,2,50),(4395,1721,2,28),(4396,1722,2,50),(4397,1723,2,36),(4398,1724,2,15),(4399,1725,2,49),(4400,1726,2,37),(4401,1727,2,37),(4402,1728,2,49),(4403,1729,2,49),(4404,1730,2,17),(4405,1731,2,22),(4406,1732,2,16),(4407,1733,2,31),(4408,1734,2,8),(4409,1735,2,45),(4410,1736,2,49),(4411,1737,2,14),(4412,1738,2,8),(4413,1739,2,43),(4414,1740,2,6),(4415,1741,2,9),(4416,1742,2,38),(4417,1743,2,28),(4418,1744,2,38),(4419,1745,2,18),(4420,1746,2,28),(4421,1747,2,10),(4422,1748,2,28),(4423,1749,2,9),(4424,1750,2,38),(4425,1751,2,29),(4426,1752,2,16),(4427,1752,2,49),(4428,1754,2,39),(4429,1755,2,9),(4430,1756,2,18),(4431,1757,2,26),(4432,1758,2,35),(4433,1759,2,19),(4434,1760,2,17),(4435,1761,2,41),(4436,1762,2,2),(4437,1763,2,10),(4438,1764,2,27),(4439,1765,2,39),(4440,1766,2,50),(4441,1767,2,8),(4442,1768,2,47),(4443,1769,2,18),(4444,1770,2,10),(4445,1771,2,39),(4446,1772,2,31),(4447,1773,2,23),(4448,1774,2,44),(4449,1775,2,3),(4450,1776,2,4),(4451,1777,2,38),(4452,1778,2,31),(4453,1779,2,49),(4454,1780,2,24),(4455,1781,2,20),(4456,1782,2,43),(4457,1783,2,15),(4458,1784,2,38),(4459,1785,2,13),(4460,1786,2,44),(4461,1787,2,45),(4462,1788,2,26),(4463,1789,2,1),(4464,1790,2,42),(4465,1791,2,25),(4466,1792,2,21),(4467,1793,2,40),(4468,1794,2,10),(4469,1795,2,16),(4470,1796,2,41),(4471,1797,2,14),(4472,1798,2,31),(4473,1799,2,27),(4474,1800,2,6),(4475,1801,2,34),(4476,1802,2,30),(4477,1803,2,19),(4478,1804,2,36),(4479,1805,2,18),(4480,1806,2,10),(4481,1807,2,28),(4482,1808,2,49),(4483,1809,2,44),(4484,1810,2,23),(4485,1811,2,40),(4486,1812,2,7),(4487,1813,2,20),(4488,1814,2,17),(4489,1815,2,3),(4490,1816,2,36),(4491,1817,2,4),(4492,1818,2,40),(4493,1819,2,32),(4494,1820,2,28),(4495,1821,2,5),(4496,1822,2,2),(4497,1823,2,23),(4498,1824,2,28),(4499,1825,2,11),(4500,1826,2,11),(4501,1827,2,12),(4502,1828,2,6),(4503,1829,2,33),(4504,1830,2,6),(4505,1831,2,4),(4506,1832,2,3),(4507,1833,2,43),(4508,1834,2,47),(4509,1835,2,24),(4510,1836,2,27),(4511,1837,2,30),(4512,1838,2,6),(4513,1839,2,28),(4514,1840,2,47),(4515,1841,2,8),(4516,1842,2,38),(4517,1843,2,15),(4518,1844,2,5),(4519,1845,2,19),(4520,1846,2,34),(4521,1847,2,36),(4522,1848,2,25),(4523,1849,2,9),(4524,1850,2,6),(4525,1851,2,31),(4526,1852,2,13),(4527,1853,2,40),(4528,1854,2,41),(4529,1855,2,24),(4530,1856,2,27),(4531,1857,2,5),(4532,1858,2,41),(4533,1859,2,40),(4534,1860,2,50),(4535,1860,2,34),(4536,1861,2,23),(4537,1862,2,45),(4538,1863,2,34),(4539,1864,2,29),(4540,1865,2,27),(4541,1866,2,6),(4542,1867,2,5),(4543,1868,2,11),(4544,1869,2,42),(4545,1870,2,27),(4546,1871,2,33),(4547,1872,2,9),(4548,1873,2,38),(4549,1874,2,18),(4550,1875,2,32),(4551,1876,2,7),(4552,1877,2,9),(4553,1878,2,16),(4554,1879,2,38),(4555,1880,2,18),(4556,1881,2,17),(4557,1882,2,11),(4558,1883,2,32),(4559,1884,2,21),(4560,1885,2,22),(4561,1886,2,41),(4562,1887,2,38),(4563,1888,2,3),(4564,1889,2,8),(4565,1890,2,44),(4566,1891,2,23),(4567,1891,2,13),(4568,1893,2,49),(4569,1894,2,30),(4570,1895,2,42),(4571,1896,2,26),(4572,1897,2,15),(4573,1898,2,22),(4574,1899,2,29),(4575,1900,2,29),(4576,1901,2,34),(4577,1902,2,11),(4578,1903,2,14),(4579,1903,2,31),(4580,1905,2,36),(4581,1906,2,49),(4582,1907,2,36),(4583,1908,2,11),(4584,1909,2,38),(4585,1910,2,30),(4586,1911,2,12),(4587,1912,2,23),(4588,1913,2,39),(4589,1914,2,46),(4590,1915,2,24),(4591,1915,2,31),(4592,1917,2,5),(4593,1918,2,16),(4594,1919,2,24),(4595,1919,2,24),(4596,1921,2,25),(4597,1922,2,28),(4598,1923,2,49),(4599,1924,2,29),(4600,1925,2,16),(4601,1926,2,37),(4602,1927,2,5),(4603,1927,2,24),(4604,1929,2,36),(4605,1929,2,43),(4606,1929,2,2),(4607,1929,2,24),(4608,1929,2,19),(4609,1934,2,11),(4610,1935,2,39),(4611,1936,2,31),(4612,1937,2,28),(4613,1938,2,18),(4614,1939,2,8),(4615,1940,2,6),(4616,1941,2,38),(4617,1942,2,33),(4618,1943,2,35),(4619,1944,2,36),(4620,1945,2,39),(4621,1946,2,26),(4622,1947,2,5),(4623,1948,2,40),(4624,1949,2,25),(4625,1950,2,7),(4626,1951,2,15),(4627,1952,2,42),(4628,1953,2,47),(4629,1954,2,18),(4630,1955,2,41),(4631,1956,2,30),(4632,1957,2,22),(4633,1958,2,34),(4634,1959,2,49),(4635,1959,2,50),(4636,1961,2,21),(4637,1962,2,10),(4638,1963,2,13),(4639,1964,2,39),(4640,1965,2,38),(4641,1966,2,49),(4642,1967,2,33),(4643,1968,2,10),(4644,1969,2,42),(4645,1970,2,20),(4646,1971,2,3),(4647,1972,2,42),(4648,1973,2,16),(4649,1974,2,43),(4650,1975,2,7),(4651,1976,2,14),(4652,1977,2,15),(4653,1978,2,33),(4654,1979,2,13),(4655,1980,2,32),(4656,1981,2,26),(4657,1982,2,37),(4658,1983,2,2),(4659,1984,2,19),(4660,1985,2,24),(4661,1986,2,34),(4662,1987,2,30),(4663,1988,2,30),(4664,1989,2,48),(4665,1990,2,31),(4666,1991,2,7),(4667,1992,2,43),(4668,1993,2,31),(4669,1994,2,26),(4670,1995,2,43),(4671,1996,2,1),(4672,1997,2,31),(4673,1998,2,41),(4674,1999,2,37),(4675,2000,2,2),(4676,2001,2,43),(4677,2002,2,15),(4678,2003,2,26),(4679,2004,2,37),(4680,2005,2,35),(4681,2006,2,2),(4682,2007,2,17),(4683,2008,2,6),(4684,2009,2,29),(4685,2010,2,21),(4686,2011,2,28),(4687,2012,2,2),(4688,2013,2,20),(4689,2014,2,8),(4690,2015,2,34),(4691,2016,2,50),(4692,2017,2,17),(4693,2018,2,35),(4694,2019,2,7),(4695,2020,2,11),(4696,2020,2,36),(4697,2020,2,43),(4698,2023,2,5),(4699,2024,2,8),(4700,2025,2,1),(4701,2026,2,38),(4702,2027,2,36),(4703,2028,2,21),(4704,2029,2,42),(4705,2030,2,16),(4706,2031,2,24),(4707,2032,2,26),(4708,2033,2,6),(4709,2034,2,21),(4710,2035,2,28),(4711,2036,2,25),(4712,2037,2,5),(4713,2038,2,46),(4714,2039,2,24),(4715,2040,2,50),(4716,2041,2,5),(4717,2042,2,19),(4718,2043,2,38),(4719,2044,2,7),(4720,2045,2,42),(4721,2046,2,20),(4722,2047,2,34),(4723,2048,2,18),(4724,2049,2,25),(4725,2050,2,17),(4726,2051,2,22),(4727,2052,2,27),(4728,2053,2,35),(4729,2054,2,24),(4730,2055,2,49),(4731,2056,2,24),(4732,2057,2,50),(4733,2058,2,46),(4734,2059,2,26),(4735,2060,2,7),(4736,2061,2,42),(4737,2062,2,46),(4738,2063,2,14),(4739,2064,2,47),(4740,2065,2,50),(4741,2066,2,26),(4742,2067,2,16),(4743,2068,2,22),(4744,2069,2,23),(4745,2070,2,42),(4746,2071,2,9),(4747,2072,2,44),(4748,2073,2,46),(4749,2074,2,42),(4750,2075,2,36),(4751,2076,2,36),(4752,2077,2,30),(4753,2078,2,17),(4754,2079,2,26),(4755,2080,2,14),(4756,2081,2,22),(4757,2082,2,25),(4758,2083,2,6),(4759,2084,2,26),(4760,2085,2,49),(4761,2086,2,50),(4762,2087,2,34),(4763,2088,2,14),(4764,2089,2,44),(4765,2090,2,19),(4766,2091,2,36),(4767,2092,2,39),(4768,2093,2,9),(4769,2094,2,41),(4770,2095,2,6),(4771,2096,2,3),(4772,2097,2,34),(4773,2098,2,4),(4774,2099,2,22),(4775,2100,2,4),(4776,2101,2,41),(4777,2102,2,28),(4778,2103,2,35),(4779,2104,2,22),(4780,2105,2,1),(4781,2106,2,7),(4782,2107,2,14),(4783,2108,2,41),(4784,2109,2,13),(4785,2110,2,28),(4786,2110,2,24),(4787,2112,2,20),(4788,2113,2,15),(4789,2114,2,34),(4790,2115,2,42),(4791,2116,2,34),(4792,2117,2,6),(4793,2118,2,28),(4794,2119,2,9),(4795,2120,2,33),(4796,2121,2,27),(4797,2122,2,24),(4798,2123,2,31),(4799,2124,2,48),(4800,2125,2,24),(4801,2126,2,7),(4802,2127,2,28),(4803,2128,2,41),(4804,2129,2,12),(4805,2130,2,1),(4806,2131,2,43),(4807,2132,2,45),(4808,2133,2,34),(4809,2134,2,31),(4810,2135,2,20),(4811,2136,2,48),(4812,2137,2,9),(4813,2138,2,28),(4814,2139,2,26),(4815,2140,2,26),(4816,2141,2,11),(4817,2142,2,35),(4818,2143,2,34),(4819,2144,2,49),(4820,2145,2,3),(4821,2146,2,31),(4822,2147,2,12),(4823,2148,2,48),(4824,2149,2,37),(4825,2150,2,7),(4826,2151,2,8),(4827,2152,2,15),(4828,2153,2,18),(4829,2154,2,18),(4830,2155,2,36),(4831,2156,2,26),(4832,2157,2,24),(4833,2158,2,7),(4834,2159,2,42),(4835,2160,2,20),(4836,2161,2,13),(4837,2162,2,25),(4838,2163,2,34),(4839,2164,2,21),(4840,2165,2,39),(4841,2166,2,31),(4842,2167,2,24),(4843,2168,2,14),(4844,2169,2,43),(4845,2170,2,7),(4846,2171,2,14),(4847,2172,2,5),(4848,2173,2,50),(4849,2174,2,46),(4850,2175,2,14),(4851,2176,2,7),(4852,2177,2,10),(4853,2178,2,25),(4854,2179,2,46),(4855,2180,2,49),(4856,2181,2,18),(4857,2182,2,7),(4858,2183,2,40),(4859,2184,2,31),(4860,2185,2,12),(4861,2186,2,2),(4862,2187,2,20),(4863,2188,2,29),(4864,2189,2,28),(4865,2190,2,2),(4866,2191,2,14),(4867,2192,2,21),(4868,2193,2,14),(4869,2194,2,8),(4870,2195,2,17),(4871,2196,2,21),(4872,2197,2,46),(4873,2198,2,48),(4874,2198,2,45),(4875,2200,2,12),(4876,2201,2,26),(4877,2202,2,50),(4878,2203,2,49),(4879,2204,2,20),(4880,2205,2,34),(4881,2206,2,31),(4882,2207,2,8),(4883,2208,2,9),(4884,2209,2,20),(4885,2210,2,2),(4886,2211,2,39),(4887,2212,2,19),(4888,2213,2,23),(4889,2214,2,11),(4890,2215,2,48),(4891,2216,2,12),(4892,2217,2,49),(4893,2218,2,40),(4894,2219,2,39),(4895,2220,2,2),(4896,2221,2,14),(4897,2222,2,34),(4898,2223,2,46),(4899,2224,2,26),(4900,2225,2,43),(4901,2226,2,25),(4902,2227,2,5),(4903,2228,2,27),(4904,2229,2,17),(4905,2230,2,40),(4906,2231,2,34),(4907,2232,2,10),(4908,2233,2,1),(4909,2234,2,33),(4910,2235,2,23),(4911,2236,2,19),(4912,2237,2,39),(4913,2238,2,22),(4914,2239,2,30),(4915,2240,2,11),(4916,2241,2,31),(4917,2242,2,7),(4918,2243,2,32),(4919,2244,2,24),(4920,2245,2,42),(4921,2246,2,15),(4922,2247,2,20),(4923,2248,2,33),(4924,2249,2,49),(4925,2250,2,35),(4926,2251,2,43),(4927,2252,2,19),(4928,2253,2,14),(4929,2254,2,41),(4930,2254,2,26),(4931,2256,2,2),(4932,2257,2,38),(4933,2258,2,25),(4934,2259,2,36),(4935,2260,2,2),(4936,2261,2,1),(4937,2262,2,9),(4938,2263,2,14),(4939,2264,2,41),(4940,2265,2,20),(4941,2266,2,47),(4942,2267,2,20),(4943,2268,2,1),(4944,2269,2,8),(4945,2269,2,27),(4946,2271,2,16),(4947,2272,2,5),(4948,2273,2,23),(4949,2274,2,30),(4950,2275,2,46),(4951,2276,2,14),(4952,2277,2,8),(4953,2278,2,46),(4954,2279,2,25),(4955,2280,2,15),(4956,2281,2,48),(4957,2282,2,23),(4958,2283,2,40),(4959,2284,2,29),(4960,2285,2,26),(4961,2286,2,20),(4962,2287,2,31),(4963,2288,2,5),(4964,2289,2,12),(4965,2290,2,28),(4966,2291,2,18),(4967,2292,2,46),(4968,2293,2,25),(4969,2294,2,25),(4970,2295,2,21),(4971,2296,2,12),(4972,2297,2,44),(4973,2298,2,38),(4974,2299,2,35),(4975,2300,2,17),(4976,2301,2,19),(4977,2302,2,3),(4978,2303,2,38),(4979,2304,2,26),(4980,2305,2,29),(4981,2306,2,8),(4982,2307,2,43),(4983,2308,2,26),(4984,2309,2,37),(4985,2309,2,37),(4986,2311,2,1),(4987,2312,2,26),(4988,2313,2,7),(4989,2314,2,25),(4990,2315,2,35),(4991,2316,2,18),(4992,2317,2,27),(4993,2318,2,8),(4994,2319,2,49),(4995,2320,2,40),(4996,2321,2,43),(4997,2322,2,29),(4998,2323,2,43),(4999,2324,2,2),(5000,2325,2,36),(5001,2326,2,7),(5002,2327,2,49),(5003,2328,2,13),(5004,2329,2,3),(5005,2330,2,21),(5006,2331,2,16),(5007,2332,2,44),(5008,2333,2,8),(5009,2334,2,42),(5010,2335,2,35),(5011,2336,2,19),(5012,2337,2,32),(5013,2338,2,40),(5014,2339,2,34),(5015,2340,2,7),(5016,2341,2,38),(5017,2342,2,20),(5018,2343,2,11),(5019,2343,2,13),(5020,2345,2,32),(5021,2346,2,20),(5022,2347,2,18),(5023,2348,2,34),(5024,2349,2,8),(5025,2350,2,28),(5026,2350,2,13),(5027,2352,2,38),(5028,2353,2,17),(5029,2354,2,23),(5030,2355,2,3),(5031,2356,2,41),(5032,2357,2,18),(5033,2358,2,25),(5034,2359,2,9),(5035,2360,2,2),(5036,2361,2,21),(5037,2362,2,3),(5038,2363,2,9),(5039,2364,2,9),(5040,2365,2,9),(5041,2366,2,23),(5042,2367,2,44),(5043,2368,2,23),(5044,2369,2,12),(5045,2370,2,11),(5046,2371,2,13),(5047,2372,2,48),(5048,2373,2,24),(5049,2374,2,26),(5050,2375,2,13),(5051,2376,2,31),(5052,2377,2,1),(5053,2378,2,15),(5054,2379,2,22),(5055,2380,2,20),(5056,2381,2,20),(5057,2382,2,45),(5058,2383,2,44),(5059,2384,2,45),(5060,2385,2,38),(5061,2386,2,32),(5062,2386,2,28),(5063,2388,2,50),(5064,2389,2,8),(5065,2390,2,2),(5066,2391,2,9),(5067,2392,2,43),(5068,2393,2,5),(5069,2394,2,18),(5070,2395,2,27),(5071,2396,2,35),(5072,2397,2,2),(5073,2398,2,26),(5074,2399,2,9),(5075,2400,2,14),(5076,2401,2,13),(5077,2402,2,31),(5078,2403,2,47),(5079,2404,2,30),(5080,2405,2,41),(5081,2406,2,4),(5082,2407,2,33),(5083,2408,2,40),(5084,2409,2,9),(5085,2410,2,45),(5086,2411,2,42),(5087,2412,2,18),(5088,2413,2,29),(5089,2414,2,30),(5090,2414,2,11),(5091,2416,2,20),(5092,2417,2,48),(5093,2418,2,7),(5094,2419,2,32),(5095,2420,2,29),(5096,2421,2,36),(5097,2422,2,41),(5098,2423,2,35),(5099,2424,2,10),(5100,2425,2,39),(5101,2426,2,27),(5102,2427,2,19),(5103,2428,2,46),(5104,2429,2,32),(5105,2430,2,49),(5106,2431,2,43),(5107,2432,2,13),(5108,2433,2,22),(5109,2434,2,38),(5110,2435,2,26),(5111,2436,2,30),(5112,2437,2,14),(5113,2438,2,44),(5114,2439,2,16),(5115,2440,2,18),(5116,2441,2,21),(5117,2442,2,24),(5118,2443,2,17),(5119,2444,2,25),(5120,2445,2,37),(5121,2446,2,47),(5122,2447,2,50),(5123,2448,2,48),(5124,2449,2,12),(5125,2450,2,26),(5126,2451,2,23),(5127,2452,2,12),(5128,2453,2,21),(5129,2454,2,7),(5130,2455,2,49),(5131,2456,2,2),(5132,2457,2,50),(5133,2458,2,25),(5134,2459,2,10),(5135,2460,2,34),(5136,2461,2,28),(5137,2462,2,3),(5138,2463,2,2),(5139,2464,2,3),(5140,2465,2,5),(5141,2466,2,11),(5142,2467,2,31),(5143,2468,2,43),(5144,2469,2,45),(5145,2470,2,22),(5146,2471,2,21),(5147,2472,2,31),(5148,2473,2,46),(5149,2474,2,9),(5150,2475,2,22),(5151,2476,2,22),(5152,2477,2,11),(5153,2478,2,42),(5154,2479,2,49),(5155,2480,2,19),(5156,2481,2,12),(5157,2482,2,22),(5158,2483,2,25),(5159,2484,2,40),(5160,2485,2,31),(5161,2486,2,25),(5162,2487,2,4),(5163,2488,2,23),(5164,2489,2,33),(5165,2490,2,18),(5166,2491,2,3),(5167,2492,2,37),(5168,2493,2,46),(5169,2494,2,10),(5170,2495,2,26),(5171,2496,2,13),(5172,2497,2,12),(5173,2498,2,44),(5174,2499,2,11),(5175,2500,2,17),(5176,2501,2,36),(5177,2502,2,49),(5178,2503,2,49),(5179,2504,2,19),(5180,2505,2,10),(5181,2506,2,37),(5182,2507,2,27),(5183,2508,2,5),(5184,2509,2,32),(5185,2510,2,50),(5186,2511,2,39),(5187,2512,2,12),(5188,2513,2,7),(5189,2514,2,13),(5190,2515,2,12),(5191,2516,2,2),(5192,2517,2,4),(5193,2518,2,34),(5194,2519,2,14),(5195,2520,2,23),(5196,2521,2,34),(5197,2522,2,4),(5198,2523,2,38),(5199,2524,2,37),(5200,2525,2,17),(5201,2526,2,10),(5202,2527,2,42),(5203,2528,2,10),(5204,2529,2,44),(5205,2530,2,39),(5206,2531,2,26),(5207,2532,2,44),(5208,2533,2,11),(5209,2534,2,39),(5210,2535,2,13),(5211,2536,2,43),(5212,2537,2,3),(5213,2538,2,9),(5214,2539,2,12),(5215,2540,2,40),(5216,2541,2,1),(5217,2542,2,13),(5218,2543,2,7),(5219,2544,2,47),(5220,2545,2,6),(5221,2546,2,47),(5222,2547,2,4),(5223,2548,2,36),(5224,2549,2,37),(5225,2550,2,16),(5226,2551,2,42),(5227,2552,2,1),(5228,2553,2,1),(5229,2554,2,27),(5230,2555,2,19),(5231,2556,2,9),(5232,2557,2,15),(5233,2558,2,44),(5234,2559,2,27),(5235,2560,2,8),(5236,2561,2,24),(5237,2562,2,2),(5238,2563,2,47),(5239,2564,2,25),(5240,2565,2,13),(5241,2566,2,35),(5242,2567,2,35),(5243,2568,2,44),(5244,2569,2,36),(5245,2570,2,48),(5246,2571,2,1),(5247,2572,2,18),(5248,2573,2,4),(5249,2574,2,14),(5250,2575,2,13),(5251,2576,2,48),(5252,2577,2,47),(5253,2577,2,5),(5254,2579,2,27),(5255,2580,2,45),(5256,2581,2,33),(5257,2582,2,24),(5258,2583,2,46),(5259,2584,2,22),(5260,2585,2,47),(5261,2586,2,32),(5262,2587,2,2),(5263,2588,2,43),(5264,2589,2,25),(5265,2590,2,34),(5266,2591,2,32),(5267,2592,2,35),(5268,2593,2,42),(5269,2594,2,13),(5270,2595,2,24),(5271,2596,2,34),(5272,2597,2,5),(5273,2598,2,1),(5274,2599,2,2),(5275,2600,2,17),(5276,2601,2,4),(5277,2602,2,16),(5278,2603,2,7),(5279,2604,2,34),(5280,2605,2,1),(5281,2606,2,15),(5282,2607,2,24),(5283,2608,2,18),(5284,2609,2,48),(5285,2610,2,31),(5286,2611,2,38),(5287,2612,2,23),(5288,2613,2,7),(5289,2614,2,31),(5290,2615,2,44),(5291,2616,2,44),(5292,2617,2,23),(5293,2618,2,42),(5294,2619,2,43),(5295,2620,2,21),(5296,2621,2,40),(5297,2622,2,35),(5298,2623,2,25),(5299,2624,2,16),(5300,2625,2,9),(5301,2626,2,45),(5302,2627,2,14),(5303,2628,2,7),(5304,2629,2,37),(5305,2630,2,23),(5306,2631,2,31),(5307,2632,2,44),(5308,2633,2,24),(5309,2634,2,43),(5310,2635,2,35),(5311,2636,2,20),(5312,2637,2,15),(5313,2638,2,20),(5314,2639,2,10),(5315,2640,2,27),(5316,2641,2,14),(5317,2642,2,5),(5318,2643,2,2),(5319,2644,2,43),(5320,2645,2,14),(5321,2646,2,42),(5322,2647,2,33),(5323,2648,2,9),(5324,2649,2,6),(5325,2650,2,42),(5326,2651,2,14),(5327,2652,2,15),(5328,2653,2,6),(5329,2654,2,50),(5330,2655,2,43),(5331,2656,2,17),(5332,2657,2,15),(5333,2658,2,9),(5334,2659,2,20),(5335,2660,2,32),(5336,2661,2,26),(5337,2662,2,25),(5338,2663,2,46),(5339,2664,2,42),(5340,2664,2,18),(5341,2666,2,17),(5342,2667,2,1),(5343,2668,2,47),(5344,2669,2,44),(5345,2670,2,34),(5346,2671,2,50),(5347,2672,2,15),(5348,2673,2,5),(5349,2674,2,41),(5350,2675,2,49),(5351,2676,2,15),(5352,2677,2,31),(5353,2678,2,7),(5354,2679,2,29),(5355,2680,2,50),(5356,2681,2,44),(5357,2682,2,26),(5358,2683,2,24),(5359,2684,2,33),(5360,2685,2,35),(5361,2686,2,1),(5362,2687,2,50),(5363,2688,2,2),(5364,2689,2,13),(5365,2690,2,2),(5366,2691,2,45),(5367,2692,2,14),(5368,2693,2,47),(5369,2694,2,47),(5370,2695,2,26),(5371,2696,2,24),(5372,2697,2,29),(5373,2698,2,42),(5374,2699,2,17),(5375,2700,2,33),(5376,2701,2,24),(5377,2702,2,5),(5378,2703,2,3),(5379,2704,2,49),(5380,2705,2,24),(5381,2706,2,47),(5382,2707,2,23),(5383,2708,2,40),(5384,2709,2,5),(5385,2710,2,15),(5386,2711,2,12),(5387,2712,2,2),(5388,2713,2,26),(5389,2714,2,9),(5390,2715,2,9),(5391,2716,2,47),(5392,2717,2,37),(5393,2718,2,15),(5394,2719,2,21),(5395,2720,2,50),(5396,2721,2,5),(5397,2722,2,21),(5398,2723,2,9);
/*!40000 ALTER TABLE `book_copies` ENABLE KEYS */;
UNLOCK TABLES;

--
-- Table structure for table `book_loans`
--

DROP TABLE IF EXISTS `book_loans`;
/*!40101 SET @saved_cs_client     = @@character_set_client */;
/*!50503 SET character_set_client = utf8mb4 */;
CREATE TABLE `book_loans` (
  `id` int NOT NULL AUTO_INCREMENT,
  `library_branch_id` int NOT NULL,
  `borrower_cardNo` varchar(16) NOT NULL,
  `book_id` int NOT NULL,
  `date_out` datetime DEFAULT NULL,
  `due_date` datetime DEFAULT NULL,
  PRIMARY KEY (`id`),
  KEY `library_branch_id` (`library_branch_id`),
  KEY `borrower_cardNo` (`borrower_cardNo`),
  KEY `book_id` (`book_id`),
  CONSTRAINT `book_loans_ibfk_1` FOREIGN KEY (`library_branch_id`) REFERENCES `library_branch` (`id`),
  CONSTRAINT `book_loans_ibfk_2` FOREIGN KEY (`borrower_cardNo`) REFERENCES `borrower` (`cardNo`),
  CONSTRAINT `book_loans_ibfk_3` FOREIGN KEY (`book_id`) REFERENCES `book` (`id`)
) ENGINE=InnoDB AUTO_INCREMENT=101 DEFAULT CHARSET=utf8mb4 COLLATE=utf8mb4_0900_ai_ci;
/*!40101 SET character_set_client = @saved_cs_client */;

--
-- Dumping data for table `book_loans`
--

LOCK TABLES `book_loans` WRITE;
/*!40000 ALTER TABLE `book_loans` DISABLE KEYS */;
INSERT INTO `book_loans` VALUES (1,2,'09503E8E9',594,NULL,NULL),(2,2,'0877A53B3',618,NULL,NULL),(3,2,'02332F71C',126,NULL,NULL),(4,1,'0F8B15851',1619,NULL,NULL),(5,2,'0CDB929CA',2,NULL,NULL),(6,2,'06A862A46',2,NULL,NULL),(7,2,'088F97CE3',161,NULL,NULL),(8,2,'0C3780BCE',1413,NULL,NULL),(9,1,'06B1E0AEB',1550,NULL,NULL),(10,1,'079FE26CF',2389,NULL,NULL),(11,2,'0B6BC33CC',2225,NULL,NULL),(12,1,'0FA2DF782',409,NULL,NULL),(13,2,'0E4310B49',2415,NULL,NULL),(14,2,'0591A03F3',444,NULL,NULL),(15,1,'06F44F724',2425,NULL,NULL),(16,2,'0F6A69434',445,NULL,NULL),(17,2,'037141B09',931,NULL,NULL),(18,1,'0FD7DD99F',1549,NULL,NULL),(19,2,'02F83B8E3',1246,NULL,NULL),(20,1,'0DAB6FBA0',763,NULL,NULL),(21,2,'0928A0AC5',1864,NULL,NULL),(22,2,'040EBE2BC',784,NULL,NULL),(23,2,'06C4FDB62',2538,NULL,NULL),(24,2,'0F97A2732',1178,NULL,NULL),(25,2,'043938EBF',1865,NULL,NULL),(26,2,'09ED41CF5',495,NULL,NULL),(27,1,'0AEA946AC',1815,NULL,NULL),(28,2,'07B012619',122,NULL,NULL),(29,2,'056C58A5F',122,NULL,NULL),(30,2,'0C9707CBA',2212,NULL,NULL),(31,2,'0F82DFE26',337,NULL,NULL),(32,2,'044E024ED',1059,NULL,NULL),(33,2,'065A46606',22,NULL,NULL),(34,2,'0B122B8C3',17,NULL,NULL),(35,2,'0A64AA546',1292,NULL,NULL),(36,2,'004A8DC08',2513,NULL,NULL),(37,2,'05781D679',514,NULL,NULL),(38,2,'03C1E641E',596,NULL,NULL),(39,1,'0E115736C',174,NULL,NULL),(40,2,'06AAEF62E',1651,NULL,NULL),(41,2,'0F61945C1',1652,NULL,NULL),(42,2,'0D9D8E4C1',397,NULL,NULL),(43,2,'03101D502',2556,NULL,NULL),(44,2,'0D27961B9',1265,NULL,NULL),(45,2,'02F768D93',494,NULL,NULL),(46,2,'0D71F8C74',2279,NULL,NULL),(47,2,'04635EC35',122,NULL,NULL),(48,2,'046CB9381',1346,NULL,NULL),(49,2,'03536AC31',2484,NULL,NULL),(50,2,'085DCEB82',1681,NULL,NULL),(51,2,'0050F741A',1178,NULL,NULL),(52,2,'041B8D42E',283,NULL,NULL),(53,2,'04A0B16A5',2625,NULL,NULL),(54,2,'07E5702EE',2211,NULL,NULL),(55,2,'0B4F55B14',1408,NULL,NULL),(56,2,'01CA7339B',1059,NULL,NULL),(57,2,'06AFB58E0',2220,NULL,NULL),(58,2,'0A93DDD98',2103,NULL,NULL),(59,2,'0A59E0ACF',1283,NULL,NULL),(60,2,'07B957C6A',1618,NULL,NULL),(61,1,'0F941E1B0',1739,NULL,NULL),(62,1,'05EB2F13A',538,NULL,NULL),(63,1,'049B18A75',1563,NULL,NULL),(64,2,'01126EB18',285,NULL,NULL),(65,2,'084BBB599',1866,NULL,NULL),(66,1,'0FD53E00D',2424,NULL,NULL),(67,2,'0F52DAB1A',2567,NULL,NULL),(68,1,'09B5D2DE8',1551,NULL,NULL),(69,2,'084DD6CD6',764,NULL,NULL),(70,2,'0C7A47F54',598,NULL,NULL),(71,2,'0C878B1E7',932,NULL,NULL),(72,2,'0B445A5C0',513,NULL,NULL),(73,1,'00C74B9DE',2336,NULL,NULL),(74,2,'08857115A',2104,NULL,NULL),(75,2,'0A6E02ACC',755,NULL,NULL),(76,2,'014D50480',930,NULL,NULL),(77,2,'096CDAE3A',2220,NULL,NULL),(78,2,'0435687FF',1863,NULL,NULL),(79,1,'0FB94A0EB',2476,NULL,NULL),(80,2,'008A3D64F',1389,NULL,NULL),(81,2,'00F0D7858',974,NULL,NULL),(82,2,'0EDB4DC95',2210,NULL,NULL),(83,2,'0C7D8C6A5',776,NULL,NULL),(84,2,'07BD46F14',2415,NULL,NULL),(85,2,'05E2A8878',2585,NULL,NULL),(86,2,'074A163DD',1553,NULL,NULL),(87,1,'02779F060',1702,NULL,NULL),(88,2,'0A35EFFF5',1470,NULL,NULL),(89,2,'0AFC692C2',2213,NULL,NULL),(90,1,'0962C13C7',397,NULL,NULL),(91,2,'00B502DDA',793,NULL,NULL),(92,2,'0B45C30B5',287,NULL,NULL),(93,2,'001B9DDBC',1666,NULL,NULL),(94,2,'009BE2C27',2537,NULL,NULL),(95,2,'0BCE9D4F8',2476,NULL,NULL),(96,2,'02847A572',2359,NULL,NULL),(97,2,'0EC158813',763,NULL,NULL),(98,1,'02BFFECD0',132,NULL,NULL),(99,1,'0ACF91F5F',513,NULL,NULL),(100,1,'0BEC6607D',174,NULL,NULL);
/*!40000 ALTER TABLE `book_loans` ENABLE KEYS */;
UNLOCK TABLES;

--
-- Table structure for table `borrower`
--

DROP TABLE IF EXISTS `borrower`;
/*!40101 SET @saved_cs_client     = @@character_set_client */;
/*!50503 SET character_set_client = utf8mb4 */;
CREATE TABLE `borrower` (
  `cardNo` varchar(16) NOT NULL,
  `first_name` varchar(45) NOT NULL,
  `last_name` varchar(45) DEFAULT NULL,
  PRIMARY KEY (`cardNo`)
) ENGINE=InnoDB DEFAULT CHARSET=utf8mb4 COLLATE=utf8mb4_0900_ai_ci;
/*!40101 SET character_set_client = @saved_cs_client */;

--
-- Dumping data for table `borrower`
--

LOCK TABLES `borrower` WRITE;
/*!40000 ALTER TABLE `borrower` DISABLE KEYS */;
INSERT INTO `borrower` VALUES ('001B9DDBC','Theodora','Torres'),('004A8DC08','Evalyn','Ahmed'),('0050F741A','Jake','Rosales'),('008A3D64F','Roberto','Vargas'),('009BE2C27','Umar','Trejo'),('00B502DDA','Tai','Nielsen'),('00C74B9DE','Meghan','Walsh'),('00F0D7858','Rosalind','Pritchard'),('01126EB18','Kinga','Barrow'),('014D50480','Pharrell','Norman'),('01CA7339B','Kallum','Davey'),('02332F71C','Aditi','Mccartney'),('02779F060','Selena','Corrigan'),('02847A572','Valerie','Rogers'),('02BFFECD0','Vicky','Graham'),('02F768D93','Haiden','Dale'),('02F83B8E3','Brad','Herrera'),('03101D502','Giorgio','Harrington'),('03536AC31','Huw','Nichols'),('037141B09','Ayra','Lynn'),('03C1E641E','Fintan','Bowes'),('040EBE2BC','Camille','North'),('041B8D42E','Jan','Thorne'),('0435687FF','Rhia','Spooner'),('043938EBF','Chiara','Broughton'),('044E024ED','Dionne','Montgomery'),('04635EC35','Heidi','Haynes'),('046CB9381','Herman','Glass'),('049B18A75','Kenya','Gaines'),('04A0B16A5','Jenson','Young'),('056C58A5F','Damien','Whitworth'),('05781D679','Farhan','Owen'),('0591A03F3','Ashlee','Markham'),('05E2A8878','Saoirse','Lynch'),('05EB2F13A','Kelvin','Firth'),('065A46606','Dora','Thornton'),('06A862A46','Alessandra','Newman'),('06AAEF62E','Forrest','Stark'),('06AFB58E0','Kamal','Power'),('06B1E0AEB','Alyce','Ochoa'),('06C4FDB62','Carlton','Beard'),('06F44F724','Asif','Wormald'),('074A163DD','Seb','Roche'),('079FE26CF','Amrita','Harrison'),('07B012619','Cruz','Jimenez'),('07B957C6A','Karter','Molloy'),('07BD46F14','Sade','Davison'),('07E5702EE','Jobe','Underwood'),('084BBB599','Lacie','Person'),('084DD6CD6','Marcia','Clay'),('085DCEB82','Inez','Key'),('0877A53B3','Ada','White'),('08857115A','Menaal','Stokes'),('088F97CE3','Aliesha','Conroy'),('0928A0AC5','Callie','Herring'),('09503E8E9','Aairah','Knowles'),('0962C13C7','Syed','Merrill'),('096CDAE3A','Reef','Stephens'),('09B5D2DE8','Maddox','Ramirez'),('09ED41CF5','Colby','Alvarado'),('0A35EFFF5','Steffan','Dejesus'),('0A59E0ACF','Karl','Reeve'),('0A64AA546','Emilija','Levine'),('0A6E02ACC','Norman','Vaughn'),('0A93DDD98','Karam','Nash'),('0ACF91F5F','Vihaan','Tapia'),('0AEA946AC','Connie','Conley'),('0AFC692C2','Storm','Woodcock'),('0B122B8C3','Emilee','Reeves'),('0B445A5C0','Matthias','Giles'),('0B45C30B5','Teejay','Nolan'),('0B4F55B14','Kajol','Ewing'),('0B6BC33CC','Aqsa','Hibbert'),('0BCE9D4F8','Valentino','Maynard'),('0BEC6607D','Virginia','Rush'),('0C3780BCE','Allan','Mccann'),('0C7A47F54','Marcos','Hinton'),('0C7D8C6A5','Roxanne','Langley'),('0C878B1E7','Marta','Schofield'),('0C9707CBA','Davey','O\'Neill'),('0CDB929CA','Alesha','Wang'),('0D27961B9','Graeme','Mcculloch'),('0D71F8C74','Hattie','Enriquez'),('0D9D8E4C1','Gerrard','House'),('0DAB6FBA0','Cadence','Fulton'),('0E115736C','Fiza','Pollard'),('0E4310B49','Arran','Vazquez'),('0EC158813','Veronika','Case'),('0EDB4DC95','Rowan','Connor'),('0F52DAB1A','Louis','Trujillo'),('0F61945C1','Geraldine','Hess'),('0F6A69434','Avi','Cowan'),('0F82DFE26','Dexter','Hill'),('0F8B15851','Aine','Berg'),('0F941E1B0','Keane','Sims'),('0F97A2732','Catriona','Bradley'),('0FA2DF782','Arfa','Wu'),('0FB94A0EB','Rhiana','Lake'),('0FD53E00D','Larry','Wiggins'),('0FD7DD99F','Boris','Rawlings');
/*!40000 ALTER TABLE `borrower` ENABLE KEYS */;
UNLOCK TABLES;

--
-- Table structure for table `library_branch`
--

DROP TABLE IF EXISTS `library_branch`;
/*!40101 SET @saved_cs_client     = @@character_set_client */;
/*!50503 SET character_set_client = utf8mb4 */;
CREATE TABLE `library_branch` (
  `id` int NOT NULL AUTO_INCREMENT,
  `name` varchar(100) NOT NULL,
  `adress` varchar(255) NOT NULL,
  PRIMARY KEY (`id`)
) ENGINE=InnoDB AUTO_INCREMENT=3 DEFAULT CHARSET=utf8mb4 COLLATE=utf8mb4_0900_ai_ci;
/*!40101 SET character_set_client = @saved_cs_client */;

--
-- Dumping data for table `library_branch`
--

LOCK TABLES `library_branch` WRITE;
/*!40000 ALTER TABLE `library_branch` DISABLE KEYS */;
INSERT INTO `library_branch` VALUES (1,'Gombe','Gombe'),(2,'Masina','Masina');
/*!40000 ALTER TABLE `library_branch` ENABLE KEYS */;
UNLOCK TABLES;

--
-- Table structure for table `publisher`
--

DROP TABLE IF EXISTS `publisher`;
/*!40101 SET @saved_cs_client     = @@character_set_client */;
/*!50503 SET character_set_client = utf8mb4 */;
CREATE TABLE `publisher` (
  `id` int NOT NULL AUTO_INCREMENT,
  `first_name` varchar(100) NOT NULL,
  `last_name` varchar(100) DEFAULT NULL,
  `email` varchar(45) DEFAULT NULL,
  PRIMARY KEY (`id`)
) ENGINE=InnoDB AUTO_INCREMENT=305 DEFAULT CHARSET=utf8mb4 COLLATE=utf8mb4_0900_ai_ci;
/*!40101 SET character_set_client = @saved_cs_client */;

--
-- Dumping data for table `publisher`
--

LOCK TABLES `publisher` WRITE;
/*!40000 ALTER TABLE `publisher` DISABLE KEYS */;
INSERT INTO `publisher` VALUES (1,'A pas de loups','',''),(2,'A2MIMO','',''),(3,'ABC Melody','',''),(4,'ACCES','',''),(5,'Actes Sud','',''),(6,'Actes sud junior','',''),(7,'Aedis','',''),(8,'Albin Michel','',''),(9,'Albin Michel jeunesse','',''),(10,'Aldéran édition','',''),(11,'Alice','',''),(12,'Alice jeunesse','',''),(13,'Alkindi','',''),(14,'Almaterra','',''),(15,'Alyssa','',''),(16,'Amaterra','',''),(17,'AND','',''),(18,'ANLCI','',''),(19,'Après la lune jeunesse','',''),(20,'Assoc fr pour la lecture','',''),(21,'Assoc. Paris-musées','',''),(22,'Association Afflux','',''),(23,'Atelier du poisson soluble','',''),(24,'Atelier du poissson soluble','',''),(25,'Atelier du Scribe','',''),(26,'Auto production','',''),(27,'Autrement','',''),(28,'Autrement jeunesse','',''),(29,'Balivernes','',''),(30,'Balzane','',''),(31,'Bayard','',''),(32,'Bayard jeunesse','',''),(33,'Belin','',''),(34,'Belin jeunesse','',''),(35,'Belize','',''),(36,'Benoît Jacques','',''),(37,'Benoît Jacques Books','',''),(38,'bib.municip Paris','',''),(39,'Bibliothèque de Toulouse','',''),(40,'Bilboquet','',''),(41,'Biscoto','',''),(42,'BNF','',''),(43,'Bruno Doucey','',''),(44,'Bulles de savon','',''),(45,'Cadex','',''),(46,'Cahiers du CRILJ n° 10','',''),(47,'Cahiers du CRILJ n° 3','',''),(48,'Cahiers du CRILJ n° 4','',''),(49,'Cahiers du CRILJ n° 5','',''),(50,'Cahiers du CRILJ n° 7','',''),(51,'Cahiers du CRILJ n°8','',''),(52,'Calmann-Lévy','',''),(53,'Cambourakis','',''),(54,'Casterman','',''),(55,'Castor benjamin','',''),(56,'Castor poche','',''),(57,'Catalpas','',''),(58,'CCMDE','',''),(59,'Centre Georges Pompidou','',''),(60,'Cercle de la librairie','',''),(61,'Chan-Ok','',''),(62,'Cherche-midi','',''),(63,'Cheyne','',''),(64,'Cipango','',''),(65,'Circé','',''),(66,'Circonflexe','',''),(67,'CLAP Midi-Pyrénées','',''),(68,'Compagnie créative','',''),(69,'Cornélius','',''),(70,'Corps puce','',''),(71,'Courtes et longues','',''),(72,'Dapper','',''),(73,'De facto','',''),(74,'De la Martinière','',''),(75,'De la Martinière jeunesse','',''),(76,'Des Eléphants','',''),(77,'Des Idées et des Hommes','',''),(78,'Didier','',''),(79,'Didier jeunesse','',''),(80,'Dominique et cie','',''),(81,'Donner à voir','',''),(82,'Duculot Casterman','',''),(83,'Ecole Centre Montauban','',''),(84,'Ecole des loisirs','',''),(85,'Ed Corps Puce','',''),(86,'Ed Quart monde','',''),(87,'Ed. des Elephants','',''),(88,'Ed. des Elephants/Amnesty','',''),(89,'Ed. du Jasmin','',''),(90,'Edition des Monts','',''),(91,'Editions de la Balle','',''),(92,'Editions du Jasmin','',''),(93,'Education Nationale','',''),(94,'Elan vert','',''),(95,'Encore une fois','',''),(96,'ERES','',''),(97,'Escabelle','',''),(98,'Esperluète','',''),(99,'Etre','',''),(100,'Eyrolles','',''),(101,'Flammarion','',''),(102,'Flammarion jeunesse','',''),(103,'FLBLB','',''),(104,'Fleurus','',''),(105,'Flies France','',''),(106,'FOL de l\'Ardèche','',''),(107,'Folio junior','',''),(108,'Folle avoine','',''),(109,'Fond. BNP','',''),(110,'France Loisirs','',''),(111,'Frimousse','',''),(112,'GAEL','',''),(113,'Galeri Minyatür','',''),(114,'Gallimard','',''),(115,'Gallimard jeunesse','',''),(116,'Gautier-Languereau','',''),(117,'Grandir','',''),(118,'Grasset','',''),(119,'Grasset jeunesse','',''),(120,'Gros textes','',''),(121,'Gründ','',''),(122,'Gulf Stream','',''),(123,'Hachette','',''),(124,'Hachette jeunesse','',''),(125,'Hatier','',''),(126,'Hatier jeunesse','',''),(127,'Hatier poche','',''),(128,'Helium','',''),(129,'Hélium','',''),(130,'Hoëbeke','',''),(131,'Hong Fei','',''),(132,'Hongfei','',''),(133,'Il était deux fois','',''),(134,'Jean-Pierre Delarge','',''),(135,'Kalandraka','',''),(136,'Kate\'art','',''),(137,'Kid Pocket','',''),(138,'Kilowatt','',''),(139,'Kimane','',''),(140,'Krom Sakamapheap','',''),(141,'L\'agrume','',''),(142,'L\'art à la page','',''),(143,'L\'Edune','',''),(144,'L\'élan vert','',''),(145,'L\'Harmattan','',''),(146,'L\'Hydre','',''),(147,'L\'idée bleue','',''),(148,'L\'iroli','',''),(149,'La Bagnole','',''),(150,'La cabane sur le chien','',''),(151,'La compagnie Créative','',''),(152,'La Découverte poche','',''),(153,'La joie de lire','',''),(154,'La joie par les livres','',''),(155,'La maison est en carton','',''),(156,'La Martinière','',''),(157,'La Palissade','',''),(158,'La Pastèque','',''),(159,'La Renarde rouge','',''),(160,'La ville brûle','',''),(161,'Larousse','',''),(162,'Le baron perché','',''),(163,'Le cherche midi','',''),(164,'Le Dé bleu','',''),(165,'Le Farfadet bleu','',''),(166,'Le Genevrier','',''),(167,'Le Griffon bleu','',''),(168,'Le Jasmin','',''),(169,'Le Pommier','',''),(170,'Le port a jauni','',''),(171,'Le Rocher','',''),(172,'Le Sablier éditeur','',''),(173,'Le Sorbier','',''),(174,'Le Sorbier/Amnesty','',''),(175,'Le Trou de nez','',''),(176,'Le vengeur masqué','',''),(177,'Les 400 coups','',''),(178,'Les Arènes','',''),(179,'Les Cahiers de la Charte','',''),(180,'les éditions du mouton cerise','',''),(181,'Les fourmis rouges','',''),(182,'Les Grandes Personnes','',''),(183,'Les Grands Personnes','',''),(184,'Les p\'tits bérets','',''),(185,'Les papareils','',''),(186,'Lirabelle','',''),(187,'Lirabelle/Amnesty','',''),(188,'Lis avec moi','',''),(189,'Lito','',''),(190,'Little Urban','',''),(191,'Lo Païs d\'Enfance','',''),(192,'Magnard','',''),(193,'Magnard jeunesse','',''),(194,'Mango','',''),(195,'Mango jeunesse','',''),(196,'Margot','',''),(197,'Marsam','',''),(198,'MeMo','',''),(199,'Mic-Mac','',''),(200,'Michalon','',''),(201,'Michel Lafon','',''),(202,'Mijade','',''),(203,'Mila','',''),(204,'Mila éditions','',''),(205,'Milan','',''),(206,'Milan éducation','',''),(207,'Milan jeunesse','',''),(208,'Milan poche','',''),(209,'Millefeuilles','',''),(210,'Minedition','',''),(211,'Mini Syros','',''),(212,'Montreuil','',''),(213,'MØtus','',''),(214,'Mouton cerise','',''),(215,'Naïve','',''),(216,'Nathan','',''),(217,'Nathan jeunesse','',''),(218,'Nord-Sud','',''),(219,'Notari','',''),(220,'Nuinui','',''),(221,'OQO éditions','',''),(222,'Oskar','',''),(223,'Oskar jeunesse','',''),(224,'Où sont les enfants ?','',''),(225,'P\'tit cairn','',''),(226,'P\'tit Glénat','',''),(227,'Palette','',''),(228,'Paquet éditions','',''),(229,'Paris Bibliothèques','',''),(230,'Paris Musées','',''),(231,'Pastel','',''),(232,'PEMF','',''),(233,'PEMF ados','',''),(234,'Penguin books','',''),(235,'Père Fouettard','',''),(236,'Petit à petit','',''),(237,'Picquier jeunesse','',''),(238,'Pluie d\'étoiles','',''),(239,'Pluie d’étoiles','',''),(240,'Plume d\'Ocris','',''),(241,'Plume de carotte','',''),(242,'Poche','',''),(243,'Pocket','',''),(244,'Pocket jeunesse','',''),(245,'Pocket junior','',''),(246,'Pockett junior','',''),(247,'Point de suspension','',''),(248,'Points de Suspension','',''),(249,'Poisson soluble','',''),(250,'Pourquoi pas','',''),(251,'Présence production','',''),(252,'Privat','',''),(253,'Publisud','',''),(254,'Quart monde','',''),(255,'Quatre fleuves','',''),(256,'Québec','',''),(257,'Rageot','',''),(258,'Réciproques','',''),(259,'Réunion des musées nationaux','',''),(260,'Réunion musées nationaux','',''),(261,'Rêves bleus','',''),(262,'Ricochet','',''),(263,'Rivages','',''),(264,'Robert Laffont','',''),(265,'Rocher','',''),(266,'Rouegue','',''),(267,'Rouergue','',''),(268,'Rouge safran','',''),(269,'Rue du monde','',''),(270,'Ruisseaux d\'Afrique','',''),(271,'Saltimbanque','',''),(272,'Sarbacane','',''),(273,'Sarbacane/Amnesty','',''),(274,'SEDRAP','',''),(275,'SEDRAP jeunesse','',''),(276,'Seghers','',''),(277,'Seghers jeune bilingue','',''),(278,'Seuil','',''),(279,'Seuil jeunesse','',''),(280,'Soc et foc','',''),(281,'Sorbier','',''),(282,'Souchon-Garrigue Hélène','',''),(283,'Stock','',''),(284,'Syros','',''),(285,'Syros Jeunesse','',''),(286,'Syros/Amnesty','',''),(287,'Table ronde','',''),(288,'Talents hauts','',''),(289,'Tapori','',''),(290,'Thierry Magnier','',''),(291,'Tourbillon','',''),(292,'Touret','',''),(293,'Usborne','',''),(294,'Vents d\'ailleurs','',''),(295,'Verdier','',''),(296,'Versant Sud','',''),(297,'Vigot','',''),(298,'Vilo jeunesse','',''),(299,'Vives voix','',''),(300,'Walker Book','',''),(301,'Yanbow al Kitab','',''),(302,'Yomad','',''),(303,'Zone J.','',''),(304,'Zorba','','');
/*!40000 ALTER TABLE `publisher` ENABLE KEYS */;
UNLOCK TABLES;
/*!40103 SET TIME_ZONE=@OLD_TIME_ZONE */;

/*!40101 SET SQL_MODE=@OLD_SQL_MODE */;
/*!40014 SET FOREIGN_KEY_CHECKS=@OLD_FOREIGN_KEY_CHECKS */;
/*!40014 SET UNIQUE_CHECKS=@OLD_UNIQUE_CHECKS */;
/*!40101 SET CHARACTER_SET_CLIENT=@OLD_CHARACTER_SET_CLIENT */;
/*!40101 SET CHARACTER_SET_RESULTS=@OLD_CHARACTER_SET_RESULTS */;
/*!40101 SET COLLATION_CONNECTION=@OLD_COLLATION_CONNECTION */;
/*!40111 SET SQL_NOTES=@OLD_SQL_NOTES */;

-- Dump completed on 2022-09-15 13:02:42
